"gene","module_membership","gene_significance"
"CDT1",0.96424148990717,0.998333165735896
"SRM",0.963200908142057,0.986423133598965
"DONSON",0.943844382441508,0.98429151193586
"SLC27A4",0.958163587064514,0.983598040782534
"GINS2",0.971341184795863,0.979603580349001
"TP73",0.923700229333339,0.978319921762966
"RNF208",0.925995247279805,0.976252197002726
"RGS7BP",0.940266910577105,0.975828329791641
"POLR3E",0.976850843060992,0.974725858429763
"SHISA2",0.896744126140294,0.974364842840073
"SLC9A7",0.911716260511887,0.973901254972718
"DNAJC18",0.954784436006081,0.972437743301015
"SMARCA1",0.926261998787229,0.971875802390309
"DPH2",0.951195820377835,0.971220188383124
"DNAJC9",0.924131891622899,0.969629412584076
"GTF3A",0.915053010072181,0.967609860092898
"PDXP",0.895789713369069,0.965923716615231
"SLC29A1",0.912095564960196,0.964289755916014
"NUBP2",0.967701081328236,0.96292333982723
"SLC35F3",0.904706784261203,0.962807051621967
"TCFL5",0.876587573855895,0.961572614794233
"POGLUT1",0.910548888935857,0.96102869957145
"P2RY4",0.883025127884647,0.960568743006756
"RGS17",0.93560758512447,0.959205550259309
"EBNA1BP2",0.92689715161852,0.959010179410824
"RBM22",0.968200867157399,0.95878074576362
"SUSD3",0.95927817274053,0.958553637295108
"FAM46A",0.901479409930066,0.957215808592429
"SNRPB2",0.920959312298207,0.956946612940213
"VDR",0.956312969828787,0.956855982984477
"THAP9",0.915458101852298,0.954748581243195
"WDR77",0.995374696049889,0.954056869683386
"DPH1",0.904486094155229,0.953787932030292
"F5",0.919521644373518,0.953610601737294
"TMEM38A",0.892066843831537,0.95319611536269
"NEGR1",0.873475209850963,0.952857317625203
"KCTD3",0.970701889118133,0.951616280106383
"PIP4K2B",0.868201164695294,0.951481619620796
"SNCB",0.898577804174227,0.949892786266246
"MCAM",0.86525719996534,0.948163645952078
"DDX54",0.872278464110315,0.944545558812709
"STAMBPL1",0.976923625631022,0.944414377891712
"NANS",0.941685913436082,0.943540607329163
"SNX27",0.931104628359085,0.943516664093212
"BNIP3L",0.957243546500831,0.94253172872586
"DNAJA3",0.913832891509923,0.942139618748624
"FZD9",0.874786370217778,0.941350507784238
"ARHGEF6",0.849915185573446,0.940512809567983
"SGCB",0.91416572857407,0.938339950436763
"TBCCD1",0.941885579734346,0.937115991518603
"CUL4A",0.905155908814474,0.936809058767484
"TNFRSF21",0.84457913189295,0.936274382726525
"HTR1B",0.894014576127172,0.936138830979282
"MTPAP",0.884708161216916,0.935607804902303
"MRPS35",0.895085454988182,0.935299621531253
"VAV3",0.85289011649136,0.935012956579648
"NOP16",0.900224241885883,0.934746069913191
"CDKN3",0.961611293555552,0.93371912186299
"DFNA5",0.913544338246088,0.932034071347743
"TMCC1",0.82405399712192,0.931454296162318
"EPN2",0.891777909471925,0.931347529661897
"RHOBTB1",0.890555337112435,0.930507899068753
"CREG1",0.945821675680424,0.930448441879458
"GOLGB1",0.974551278933702,0.930412691587876
"TMEM132C",0.866628499863929,0.930279573953723
"NPTX2",0.849705729737432,0.929705902008554
"ST8SIA6",0.946604696973515,0.929532855153844
"MAD2L1BP",0.824926528086573,0.927940036302356
"DNAJC8",0.964021522512708,0.927336865545293
"LSM12",0.96649047867442,0.926840251805184
"SLC36A4",0.938848814796705,0.926076745496238
"UBQLN4",0.971317511902586,0.925495025297211
"FBXO18",0.91735565834177,0.924512025380394
"COX11",0.814269997420058,0.923115723741678
"RAVER2",0.913894800294975,0.922726931500434
"GINS3",0.823796451335783,0.921640198427731
"CRKL",0.809757393461175,0.921338939829189
"FYCO1",0.891514300204435,0.920825473545638
"SURF2",0.966980646657404,0.919778209157317
"TIMM8A",0.954136246695664,0.91879995999582
"STX7",0.851571909633787,0.91848100229228
"CFL2",0.965746630038095,0.917479590506145
"TBC1D32",0.868289542632148,0.916276989508111
"ZFPM2",0.85924164647836,0.914243665050682
"PLCB1",0.860169628452426,0.913733602301314
"ZNF341",0.89574213341625,0.913667467751221
"FAM124A",0.810067879550891,0.911762098957703
"EBF2",0.881782494814108,0.908860415456526
"BFAR",0.8275218079084,0.908676793757565
"ADAMTS17",0.892458119535514,0.90762556962356
"MCF2L",0.931610178174687,0.906039269403158
"CUX2",0.851344380018606,0.905405076310553
"PGP",0.896448065438756,0.9048278508417
"OTC",0.887165266933587,0.902438217184141
"KLHL36",0.913632875379439,0.901277488257588
"KCNT2",0.881660059103651,0.901127671014922
"RBM45",0.955028231830935,0.899848484893312
"FOXRED2",0.946773740929116,0.898683253177092
"CHEK1",0.975252751049477,0.898032294779917
"PPFIBP2",0.911047288554239,0.898008145096005
"NKX2-1",0.905005654988427,0.895883975482875
"GMEB2",0.874619026813054,0.889835239687226
"SPTLC1",0.851180665487858,0.88799988584788
"PTPRE",0.915909767150732,0.88538406606324
"PRSS12",0.926953782571568,0.88308399907236
"LY96",0.918850539928174,0.882108806699862
"NKX3-2",0.936212491536909,0.881677603204248
"MTHFD2",0.88490747462049,0.880304692611038
"FAM163A",0.905129156110099,0.879459865368814
"PPP3CC",0.921521835517414,0.878526592369645
"ERMP1",0.829728054191964,0.878112054265955
"MED21",0.872437041468318,0.876718615261989
"FBXO42",0.942737377411088,0.875779260254722
"PLCG1",0.922190716012925,0.875708722882234
"GAREM1",0.917067119211923,0.874200548014121
"SLC6A13",0.803094051101302,0.873672043718295
"PRPSAP2",0.914175184299259,0.872821443540597
"PENK",0.92905866220858,0.871341142766728
"GP1BB",0.941067434454445,0.870515876366828
"N6AMT1",0.871162594002564,0.86985550382967
"KLHL5",0.811944154743412,0.869496800099945
"ATF3",0.931402694736056,0.868081932645227
"BYSL",0.885280519022356,0.867041299445043
"NCF4",0.913636205344654,0.865558320299865
"HOMER1",0.890389673527613,0.86553811431377
"CCND2",0.923046265503856,0.864541620445909
"ABCB10",0.847158448423592,0.863889566155734
"PTGR2",0.893955698610222,0.863781293172567
"HMX3",0.938709263869597,0.862663353180664
"SRD5A2",0.914542302775263,0.860577713571667
"EZH2",0.938306823952937,0.860470210207274
"PIGU",0.898065801043791,0.860151860833702
"MED28",0.914545089029538,0.857520426247979
"ALKBH8",0.83902762247259,0.857184929169321
"DAB2IP",0.842557684223976,0.856709582114355
"CHST11",0.888655048884233,0.855445331031635
"CFLAR",0.846552579301355,0.850539147322111
"DAGLA",0.890936198710411,0.849823528734478
"TM6SF1",0.925577314972582,0.849295853580208
"CABLES2",0.914003595508527,0.849099306512044
"NRIP1",0.817581736717471,0.848621943401416
"CLINT1",0.915080600721554,0.847207567470995
"TUB",0.852806098354177,0.845590950315964
"LRRC40",0.882089353763308,0.845545441654616
"LRRC59",0.911102148419441,0.843166630694152
"SEL1L3",0.908172723904608,0.842786291752981
"JARID2",0.929132025324945,0.842512900319464
"LLGL1",0.928893940025649,0.839310906528113
"DSCC1",0.842167975429223,0.838189517460193
"NFIX",0.807038726535002,0.838075719567536
"ARHGAP18",0.884450432822212,0.837900527710621
"DTD1",0.80122448334112,0.837344835176288
"TRIM54",0.842705527113829,0.837129370660703
"FSD1L",0.890235076236477,0.837091029134034
"NCOA4",0.873455941182467,0.837072047401236
"ARL6",0.809261845792396,0.835490664594129
"SLC5A6",0.914279561102372,0.8350992150052
"SLITRK4",0.876925013225412,0.835065207402109
"TMEM65",0.8950470974504,0.834864986760106
"COG2",0.909544965048829,0.830587895255532
"UTP11",0.930221795333842,0.828058204598452
"GPSM1",0.900935880250688,0.827967945333161
"PTPRU",0.876889164175728,0.82749510813592
"TMEM154",0.913955147811553,0.826581794229381
"OSBPL6",0.807310216028388,0.824454852465411
"UBE3D",0.905483796121669,0.822489508430355
"BCAT1",0.857612438486602,0.82150336020176
"CCM2",0.912587720440115,0.821206480587445
"FNBP1",0.883359978132581,0.820771187122641
"SULT4A1",0.858345374279604,0.819282125436023
"ACYP1",0.881793666456619,0.818801610508491
"SLC12A7",0.888113736237488,0.817003536110026
"ARHGEF12",0.868957884189321,0.816331727682848
"SFSWAP",0.896934042763387,0.814505656023843
"GGA3",0.895805919889308,0.812607413637785
"IQCH",0.874991264141375,0.811757948806967
"MRPS22",0.831718300798709,0.811646085169097
"BAIAP2",0.872737963037674,0.810246606735542
"HOOK1",0.887924125879371,0.809916445885608
"SNRPA1",0.92330785372107,0.809431751091515
"SNX12",0.922762727983096,0.808722818986128
"STUB1",0.91447899113564,0.806442083229612
"REEP3",0.873964751398685,0.803851763634205
"FAM98B",0.823500258736688,0.801223968362027
"MYLK",0.831731190317311,0.801116988514907
