"ID","Description","GeneRatio","BgRatio","RichFactor","FoldEnrichment","zScore","pvalue","p.adjust","qvalue","geneID","Count"
"GO:0038023","signaling receptor activity","83/859","269/6395",0.30855,2.2971,8.56,"2.525e-14","5.302e-12","4.292e-12","GPR75/GPR12/FZD4/TLR3/NMUR1/NR4A2/FZD9/BDKRB2/IL17RD/F2RL1/DRD1/MC5R/GPR162/ESR1/GPR157/PPARA/FZD3/PLXNA2/NR5A2/COLEC12/CRLF1/PLA2R1/FGFR3/RRH/TNFRSF19/GPR146/GPR139/MERTK/PTCH2/THRB/EGFR/OGFRL1/VIPR1/LPAR1/PLXNA4/GUCY2C/GRIN2C/ADGRG2/IL2RB/FFAR4/PPARG/GPR85/FGFRL1/NR1H4/INSR/ADGRG1/NPR3/STYK1/CD247/SSTR3/IL7R/CXCR4/RXRG/PTGER2/NPY5R/HNF4A/MUSK/FLT4/NRP1/ESRRB/RET/ADGRD1/PLXNB2/GABRP/S1PR2/PIGR/HNF4beta/BDKRB1/GFRA1/GFRA3/GPR142/HTR1B/GRIN2A/ANTXR1/GPR183/LEPR/MTNR1A/NPY2R/HRH3/HTR4/ACKR2/MC3R/LPAR5",83
"GO:0060089","molecular transducer activity","83/859","269/6395",0.30855,2.2971,8.56,"2.525e-14","5.302e-12","4.292e-12","GPR75/GPR12/FZD4/TLR3/NMUR1/NR4A2/FZD9/BDKRB2/IL17RD/F2RL1/DRD1/MC5R/GPR162/ESR1/GPR157/PPARA/FZD3/PLXNA2/NR5A2/COLEC12/CRLF1/PLA2R1/FGFR3/RRH/TNFRSF19/GPR146/GPR139/MERTK/PTCH2/THRB/EGFR/OGFRL1/VIPR1/LPAR1/PLXNA4/GUCY2C/GRIN2C/ADGRG2/IL2RB/FFAR4/PPARG/GPR85/FGFRL1/NR1H4/INSR/ADGRG1/NPR3/STYK1/CD247/SSTR3/IL7R/CXCR4/RXRG/PTGER2/NPY5R/HNF4A/MUSK/FLT4/NRP1/ESRRB/RET/ADGRD1/PLXNB2/GABRP/S1PR2/PIGR/HNF4beta/BDKRB1/GFRA1/GFRA3/GPR142/HTR1B/GRIN2A/ANTXR1/GPR183/LEPR/MTNR1A/NPY2R/HRH3/HTR4/ACKR2/MC3R/LPAR5",83
"GO:0004888","transmembrane signaling receptor activity","63/859","202/6395",0.311881,2.3219,7.52,"2.394e-11","3.351e-09","2.713e-09","GPR75/GPR12/FZD4/TLR3/NMUR1/FZD9/BDKRB2/IL17RD/F2RL1/DRD1/MC5R/GPR162/GPR157/FZD3/PLXNA2/CRLF1/FGFR3/RRH/GPR146/GPR139/MERTK/PTCH2/EGFR/VIPR1/LPAR1/PLXNA4/GRIN2C/ADGRG2/IL2RB/FFAR4/GPR85/FGFRL1/INSR/ADGRG1/STYK1/CD247/SSTR3/IL7R/CXCR4/PTGER2/NPY5R/MUSK/FLT4/NRP1/RET/ADGRD1/PLXNB2/GABRP/S1PR2/PIGR/BDKRB1/GPR142/HTR1B/GRIN2A/GPR183/LEPR/MTNR1A/NPY2R/HRH3/HTR4/ACKR2/MC3R/LPAR5",63
"GO:0000981","DNA-binding transcription factor activity, RNA polymerase II-specific","95/859","387/6395",0.245478,1.8275,6.62,"8.196e-10","8.606e-08","6.967e-08","TP73/GBX2/NKX6-1/TCFL5/RFX2/NKX6-2/DBX2/LHX4/NR4A2/GLI3/FOXO1/EOMES/IRF2/DLX6/ESR1/REL/PPARA/NFIB/NR5A2/MAFB/KLF15/TCF7L2/CASZ1/FOXL2/HOXB5/NKX3-2/PROX1/ZHX3/HOXA10/SATB2/DMRTA2/THRB/NFE2L2/RBPJ/SOX8/BACH1/MEIS1/EMX2/TBX3/OSR2/MNX1/TSHZ2/FOXP1/SOX13/PPARG/HNF1A/IRX1/PAX3/NR1H4/TBX2/EBF2/MYCL/PRDM4/HOXB8/MAFA/CREB3L3/ZNF516/EGR3/KLF6/SIM1/HOXA4/HOXB6/SOX21/DLX1/TFCP2L1/MYC/RXRG/HOXD13/HNF4A/ETV3L/VSX1/SOX6/TBX6/PAX9/HOXD9/SMAD3/ESRRB/EHF/NKX2-8/SOX9/SATB1/CEBPD/NKX2-2/NKX2-1/FOXF1/HNF4beta/MYCN/ZBTB20/CREB3L2/TSHZ3/HEY2/BARHL2/EN1/ZBTB7C/EGR4",95
"GO:0003700","DNA-binding transcription factor activity","98/859","411/6395",0.238443,1.7751,6.4,"2.326e-09","1.954e-07","1.582e-07","TP73/GBX2/NKX6-1/TCFL5/RFX2/NKX6-2/DBX2/LHX4/NR4A2/GLI3/FOXO1/EOMES/IRF2/DLX6/ESR1/REL/PPARA/NFIB/FOXG1/NR5A2/MAFB/KLF15/TCF7L2/CASZ1/FOXL2/HOXB5/NKX3-2/PROX1/ZHX3/HOXA10/SATB2/DMRTA2/THRB/NFE2L2/RBPJ/SOX8/BACH1/MEIS1/EMX2/TBX3/OSR2/MNX1/TSHZ2/FOXP1/SOX13/FOXN3/PPARG/HNF1A/IRX1/PAX3/NR1H4/TBX2/EBF2/MYCL/PRDM4/HOXB8/MAFA/CREB3L3/ZNF516/EGR3/KLF6/SIM1/HOXA4/HOXB6/SOX21/DLX1/TFCP2L1/MYC/RXRG/HOXD13/HNF4A/ETV3L/VSX1/SOX6/TBX6/PAX9/HOXD9/SMAD3/ESRRB/EHF/NKX2-8/SOX9/SATB1/CEBPD/TRPS1/NKX2-2/NKX2-1/FOXF1/HNF4beta/MYCN/ZBTB20/CREB3L2/TSHZ3/HEY2/BARHL2/EN1/ZBTB7C/EGR4",98
"GO:0004930","G protein-coupled receptor activity","35/859","93/6395",0.376344,2.8018,6.89,"3.201e-09","2.241e-07","1.814e-07","GPR75/GPR12/NMUR1/BDKRB2/F2RL1/DRD1/MC5R/GPR162/GPR157/RRH/GPR146/GPR139/VIPR1/LPAR1/ADGRG2/FFAR4/GPR85/ADGRG1/SSTR3/CXCR4/PTGER2/NPY5R/ADGRD1/S1PR2/BDKRB1/GPR142/HTR1B/GPR183/MTNR1A/NPY2R/HRH3/HTR4/ACKR2/MC3R/LPAR5",35
"GO:0046873","metal ion transmembrane transporter activity","44/859","135/6395",0.325926,2.4264,6.6,"5.960e-09","3.576e-07","2.895e-07","TRPC7/KCNG1/CACNA1S/KCNK12/SLC24A3/SLC9A7/KCNQ4/KCNB2/NIPAL4/SLC40A1/SCNN1G/SLC30A10/KCNT1/KCNG2/CNGA3/SCN8A/SLC24A4/SLC1A2/CACNG5/SLC4A4/SLC6A9/TSKU/SLC4A10/KCNK13/ATP7B/CACNA1C/KCNH4/CACNA1H/SLC6A6/SLC39A10/DHRS3/TRPC5/SCN5A/HCN2/KCNG3/KCNC2/KCNJ5/KCNK15/TRPV2/SLC9A2/KCNMB4/KCNK5/SLC5A9/SLC6A1",44
"GO:0000987","cis-regulatory region sequence-specific DNA binding","79/859","320/6395",0.246875,1.8379,6.06,"1.883e-08","9.888e-07","8.005e-07","TP73/NKX6-1/TCFL5/RFX2/NKX6-2/NR4A2/GLI3/FOXO1/EOMES/IRF2/DLX6/REL/PPARA/NFIB/NR5A2/MAFB/KLF15/TCF7L2/FOXL2/HOXB5/NKX3-2/PROX1/HOXA10/SATB2/DMRTA2/THRB/NFE2L2/RBPJ/SOX8/BACH1/MEIS1/TBX3/FOXP1/SOX13/FOXN3/PPARG/HNF1A/IRX1/PAX3/NR1H4/TBX2/EBF2/MYCL/PRDM4/MAFA/CREB3L3/ZNF516/EGR3/KLF6/HOXA4/HOXB6/SOX21/DLX1/TFCP2L1/MYC/RXRG/HOXD13/HNF4A/ELL2/SOX6/TBX6/PAX9/HOXD9/SMAD3/NKX2-8/SOX9/SATB1/CEBPD/NKX2-2/NKX2-1/FOXF1/HNF4beta/MYCN/ZBTB20/CREB3L2/HEY2/EN1/ZBTB7C/EGR4",79
"GO:0000977","RNA polymerase II transcription regulatory region sequence-specific DNA binding","85/859","355/6395",0.239437,1.7825,5.98,"2.427e-08","1.132e-06","9.168e-07","TP73/GBX2/NKX6-1/TCFL5/RFX2/NKX6-2/LHX4/NR4A2/GLI3/FOXO1/EOMES/IRF2/DLX6/REL/PPARA/NFIB/NR5A2/MAFB/KLF15/TCF7L2/CASZ1/FOXL2/HOXB5/NKX3-2/PROX1/HOXA10/SATB2/DMRTA2/THRB/NFE2L2/RBPJ/SOX8/BACH1/MEIS1/TBX3/OSR2/FOXP1/SOX13/PPARG/HNF1A/IRX1/PAX3/NR1H4/TBX2/EBF2/MYCL/PRDM4/HOXB8/MAFA/CREB3L3/ZNF516/EGR3/KLF6/SIM1/HOXA4/HOXB6/SOX21/DLX1/TFCP2L1/MYC/RXRG/HOXD13/HNF4A/SOX6/TBX6/PAX9/HOXD9/SMAD3/NKX2-8/SOX9/SATB1/CEBPD/TRPS1/NKX2-2/NKX2-1/FOXF1/HNF4beta/MYCN/ZBTB20/CREB3L2/HEY2/BARHL2/EN1/ZBTB7C/EGR4",85
"GO:0000976","transcription cis-regulatory region binding","89/859","380/6395",0.234211,1.7436,5.89,"3.404e-08","1.296e-06","1.050e-06","TP73/GBX2/NKX6-1/TCFL5/RFX2/NKX6-2/LHX4/NR4A2/GLI3/FOXO1/EOMES/IRF2/DLX6/REL/PPARA/NFIB/NR5A2/MAFB/KLF15/TCF7L2/CASZ1/FOXL2/HOXB5/NKX3-2/PROX1/HOXA10/SATB2/DMRTA2/THRB/NFE2L2/RBPJ/SOX8/BACH1/MEIS1/TBX3/OSR2/FOXP1/SOX13/FOXN3/PPARG/HNF1A/IRX1/PAX3/NR1H4/TBX2/EBF2/MYCL/PRDM4/HOXB8/MAFA/CREB3L3/ZNF516/EGR3/KLF6/SIM1/HOXA4/HOXB6/SOX21/DLX1/TFCP2L1/MYC/RXRG/HOXD13/HNF4A/VSX1/ELL2/SOX6/TBX6/PAX9/HOXD9/SMAD3/ARID5A/NKX2-8/SOX9/SATB1/CEBPD/TRPS1/NKX2-2/NKX2-1/FOXF1/HNF4beta/MYCN/ZBTB20/CREB3L2/HEY2/BARHL2/EN1/ZBTB7C/EGR4",89
"GO:0001067","transcription regulatory region nucleic acid binding","89/859","380/6395",0.234211,1.7436,5.89,"3.404e-08","1.296e-06","1.050e-06","TP73/GBX2/NKX6-1/TCFL5/RFX2/NKX6-2/LHX4/NR4A2/GLI3/FOXO1/EOMES/IRF2/DLX6/REL/PPARA/NFIB/NR5A2/MAFB/KLF15/TCF7L2/CASZ1/FOXL2/HOXB5/NKX3-2/PROX1/HOXA10/SATB2/DMRTA2/THRB/NFE2L2/RBPJ/SOX8/BACH1/MEIS1/TBX3/OSR2/FOXP1/SOX13/FOXN3/PPARG/HNF1A/IRX1/PAX3/NR1H4/TBX2/EBF2/MYCL/PRDM4/HOXB8/MAFA/CREB3L3/ZNF516/EGR3/KLF6/SIM1/HOXA4/HOXB6/SOX21/DLX1/TFCP2L1/MYC/RXRG/HOXD13/HNF4A/VSX1/ELL2/SOX6/TBX6/PAX9/HOXD9/SMAD3/ARID5A/NKX2-8/SOX9/SATB1/CEBPD/TRPS1/NKX2-2/NKX2-1/FOXF1/HNF4beta/MYCN/ZBTB20/CREB3L2/HEY2/BARHL2/EN1/ZBTB7C/EGR4",89
"GO:1990837","sequence-specific double-stranded DNA binding","91/859","392/6395",0.232143,1.7282,5.86,"3.704e-08","1.296e-06","1.050e-06","TP73/GBX2/NKX6-1/TCFL5/RFX2/NKX6-2/LHX4/NR4A2/GLI3/FOXO1/EOMES/IRF2/DLX6/REL/PPARA/NFIB/FOXG1/NR5A2/MAFB/KLF15/TCF7L2/CASZ1/FOXL2/HOXB5/NKX3-2/PROX1/HOXA10/SATB2/DMRTA2/THRB/NFE2L2/RBPJ/SOX8/BACH1/MEIS1/TBX3/OSR2/MNX1/FOXP1/SOX13/FOXN3/PPARG/HNF1A/IRX1/PAX3/NR1H4/TBX2/EBF2/MYCL/PRDM4/HOXB8/MAFA/CREB3L3/ZNF516/EGR3/KLF6/SIM1/HOXA4/HOXB6/SOX21/DLX1/TFCP2L1/MYC/RXRG/HOXD13/HNF4A/VSX1/ELL2/SOX6/TBX6/PAX9/HOXD9/SMAD3/ARID5A/NKX2-8/SOX9/SATB1/CEBPD/TRPS1/NKX2-2/NKX2-1/FOXF1/HNF4beta/MYCN/ZBTB20/CREB3L2/HEY2/BARHL2/EN1/ZBTB7C/EGR4",91
"GO:0000978","RNA polymerase II cis-regulatory region sequence-specific DNA binding","77/859","315/6395",0.244444,1.8198,5.88,"4.559e-08","1.473e-06","1.192e-06","TP73/NKX6-1/TCFL5/RFX2/NKX6-2/NR4A2/GLI3/FOXO1/EOMES/IRF2/DLX6/REL/PPARA/NFIB/NR5A2/MAFB/KLF15/TCF7L2/FOXL2/HOXB5/NKX3-2/PROX1/HOXA10/SATB2/DMRTA2/THRB/NFE2L2/RBPJ/SOX8/BACH1/MEIS1/TBX3/FOXP1/SOX13/PPARG/HNF1A/IRX1/PAX3/NR1H4/TBX2/EBF2/MYCL/PRDM4/MAFA/CREB3L3/ZNF516/EGR3/KLF6/HOXA4/HOXB6/SOX21/DLX1/TFCP2L1/MYC/RXRG/HOXD13/HNF4A/SOX6/TBX6/PAX9/HOXD9/SMAD3/NKX2-8/SOX9/SATB1/CEBPD/NKX2-2/NKX2-1/FOXF1/HNF4beta/MYCN/ZBTB20/CREB3L2/HEY2/EN1/ZBTB7C/EGR4",77
"GO:0005267","potassium channel activity","18/859","36/6395",0.5,3.7224,6.45,"1.434e-07","4.301e-06","3.482e-06","KCNG1/KCNK12/KCNQ4/KCNB2/KCNT1/KCNG2/CNGA3/TSKU/KCNK13/KCNH4/DHRS3/HCN2/KCNG3/KCNC2/KCNJ5/KCNK15/KCNMB4/KCNK5",18
"GO:0005261","monoatomic cation channel activity","32/859","94/6395",0.340426,2.5344,5.9,"2.359e-07","6.606e-06","5.347e-06","TRPC7/KCNG1/CACNA1S/KCNK12/SLC24A3/KCNQ4/KCNB2/SCNN1G/KCNT1/KCNG2/CNGA3/SCN8A/SLC24A4/CACNG5/TSKU/OTOP3/KCNK13/CACNA1C/OTOP2/KCNH4/CACNA1H/DHRS3/TRPC5/SCN5A/HCN2/KCNG3/KCNC2/KCNJ5/KCNK15/TRPV2/KCNMB4/KCNK5",32
"GO:0015079","potassium ion transmembrane transporter activity","20/859","45/6395",0.444444,3.3088,6.12,"3.389e-07","8.897e-06","7.203e-06","KCNG1/KCNK12/SLC24A3/KCNQ4/KCNB2/KCNT1/KCNG2/CNGA3/SLC24A4/TSKU/KCNK13/KCNH4/DHRS3/HCN2/KCNG3/KCNC2/KCNJ5/KCNK15/KCNMB4/KCNK5",20
"GO:0022890","inorganic cation transmembrane transporter activity","48/859","175/6395",0.274286,2.042,5.51,"5.157e-07","1.274e-05","1.031e-05","TRPC7/KCNG1/CACNA1S/KCNK12/SLC24A3/SLC9A7/KCNQ4/KCNB2/NIPAL4/SLC40A1/SCNN1G/SLC30A10/KCNT1/KCNG2/CNGA3/SCN8A/SLC24A4/SLC1A2/CACNG5/SLC4A4/GRIN2C/SLC6A9/TSKU/OTOP3/SLC4A10/KCNK13/ATP7B/CACNA1C/OTOP2/KCNH4/CACNA1H/SLC6A6/SLC39A10/DHRS3/TRPC5/SCN5A/HCN2/KCNG3/KCNC2/KCNJ5/KCNK15/GRIN2A/TRPV2/SLC9A2/KCNMB4/KCNK5/SLC5A9/SLC6A1",48
"GO:0003690","double-stranded DNA binding","91/859","417/6395",0.218225,1.6246,5.2,"7.559e-07","1.740e-05","1.409e-05","TP73/GBX2/NKX6-1/TCFL5/RFX2/NKX6-2/LHX4/NR4A2/GLI3/FOXO1/EOMES/IRF2/DLX6/REL/PPARA/NFIB/FOXG1/NR5A2/MAFB/KLF15/TCF7L2/CASZ1/FOXL2/HOXB5/NKX3-2/PROX1/HOXA10/SATB2/DMRTA2/THRB/NFE2L2/RBPJ/SOX8/BACH1/MEIS1/TBX3/OSR2/MNX1/FOXP1/SOX13/FOXN3/PPARG/HNF1A/IRX1/PAX3/NR1H4/TBX2/EBF2/MYCL/PRDM4/HOXB8/MAFA/CREB3L3/ZNF516/EGR3/KLF6/SIM1/HOXA4/HOXB6/SOX21/DLX1/TFCP2L1/MYC/RXRG/HOXD13/HNF4A/VSX1/ELL2/SOX6/TBX6/PAX9/HOXD9/SMAD3/ARID5A/NKX2-8/SOX9/SATB1/CEBPD/TRPS1/NKX2-2/NKX2-1/FOXF1/HNF4beta/MYCN/ZBTB20/CREB3L2/HEY2/BARHL2/EN1/ZBTB7C/EGR4",91
"GO:0043565","sequence-specific DNA binding","96/859","447/6395",0.214765,1.5989,5.17,"7.918e-07","1.740e-05","1.409e-05","TP73/GBX2/NKX6-1/TCFL5/RFX2/NKX6-2/LHX4/NR4A2/GLI3/FOXO1/EOMES/IRF2/DLX6/ESR1/REL/PPARA/NFIB/FOXG1/NR5A2/MAFB/KLF15/TCF7L2/CASZ1/FOXL2/HOXB5/NKX3-2/PROX1/HOXA10/SATB2/DMRTA2/THRB/NFE2L2/RBPJ/SOX8/BACH1/MEIS1/TBX3/OSR2/MNX1/MAEL/FOXP1/SOX13/FOXN3/PPARG/HNF1A/IRX1/PAX3/NR1H4/TBX2/EBF2/MYCL/PRDM4/HOXB8/MAFA/CREB3L3/ZNF516/EGR3/KLF6/SIM1/HOXA4/HOXB6/SOX21/DLX1/TFCP2L1/MYC/RXRG/HOXD13/HNF4A/ETV3L/VSX1/ELL2/SOX6/TBX6/PAX9/HOXD9/SMAD3/ESRRB/EHF/ARID5A/NKX2-8/SOX9/SATB1/CEBPD/TRPS1/NKX2-2/NKX2-1/FOXF1/HNF4beta/MYCN/ZBTB20/CREB3L2/HEY2/BARHL2/EN1/ZBTB7C/EGR4",96
"GO:0005509","calcium ion binding","59/859","236/6395",0.25,1.8612,5.31,"8.288e-07","1.740e-05","1.409e-05","SYT11/CDH20/CLGN/RASGRP3/PCDH18/THBS1/MASP1/SMOC1/PLS1/JAG2/PCDH19/NKD1/CDHR2/DLK2/F10/TENM2/PCDH17/IHH/CALN1/CALR3/GUCA1A/PLCD4/FBLN1/DLL1/KCNIP1/SCUBE3/C1S/CAPN13/RGN/FSTL4/ANXA7/SYT2/PLA2G12B/SHH/SYT6/NCALD/MAN1A1/PCDH1/FAT1/RHBDL3/CDH17/SYT17/RET/CDH13/PCDH15/F7/DNER/TLL1/F2/LRP2/CAPSL/NCAN/DSG2/HABP2/DGKG/MATN3/PROZ/CABP7/F9",59
"GO:0005215","transporter activity","92/859","426/6395",0.215962,1.6078,5.11,"1.064e-06","2.127e-05","1.722e-05","TRPC7/KCNG1/SLC16A3/CACNA1S/SLC23A1/AQP9/KCNK12/SLC24A3/SLCO2A1/SLC16A2/SLC9A7/KCNQ4/SLC25A38/KCNB2/NIPAL4/AQP11/SLC40A1/SCNN1G/SLC30A10/KCNT1/KCNG2/SLC35F1/SLC25A29/CNGA3/TRPA1/SCN8A/SLC24A4/SLC1A2/CACNG5/STAR/SLC4A4/ABCA1/ABCG1/GRIN2C/SLC2A9/SLC6A9/SLC2A10/ATP10B/MFSD12/TSKU/APOB/OTOP3/SLC4A10/SLC22A16/KCNK13/ATP7B/SLC2A5/SLC38A4/SFXN5/ATP8A1/SLC41A3/SLC5A12/CACNA1C/SLC51A/MTTP/OTOP2/KCNH4/CACNA1H/SLC6A6/SLC7A5/SLC39A10/DHRS3/TRPC5/SCN5A/HCN2/KCNG3/KCNC2/GC/GABRP/MTTPL/KCNJ5/SLC37A4/SLCO2B1/KCNK15/GRIN2A/SVOPL/SLC7A11/TRPV2/SLC38A11/FLVCR2/SLC22A3/PLSCR5/SLC9A2/KCNMB4/SLC16A5/SLC16A12/KCNK5/SLC26A1/SLC46A2/SLC5A9/SLC6A1/ANO1",92
"GO:0015267","channel activity","39/859","134/6395",0.291045,2.1667,5.38,"1.222e-06","2.232e-05","1.807e-05","TRPC7/KCNG1/CACNA1S/AQP9/KCNK12/SLC24A3/KCNQ4/KCNB2/AQP11/SCNN1G/KCNT1/KCNG2/CNGA3/TRPA1/SCN8A/SLC24A4/CACNG5/GRIN2C/TSKU/OTOP3/KCNK13/CACNA1C/OTOP2/KCNH4/CACNA1H/DHRS3/TRPC5/SCN5A/HCN2/KCNG3/KCNC2/GABRP/KCNJ5/KCNK15/GRIN2A/TRPV2/KCNMB4/KCNK5/ANO1",39
"GO:0022803","passive transmembrane transporter activity","39/859","134/6395",0.291045,2.1667,5.38,"1.222e-06","2.232e-05","1.807e-05","TRPC7/KCNG1/CACNA1S/AQP9/KCNK12/SLC24A3/KCNQ4/KCNB2/AQP11/SCNN1G/KCNT1/KCNG2/CNGA3/TRPA1/SCN8A/SLC24A4/CACNG5/GRIN2C/TSKU/OTOP3/KCNK13/CACNA1C/OTOP2/KCNH4/CACNA1H/DHRS3/TRPC5/SCN5A/HCN2/KCNG3/KCNC2/GABRP/KCNJ5/KCNK15/GRIN2A/TRPV2/KCNMB4/KCNK5/ANO1",39
"GO:0005249","voltage-gated potassium channel activity","12/859","20/6395",0.6,4.4668,6.12,"1.433e-06","2.508e-05","2.030e-05","KCNG1/KCNQ4/KCNB2/KCNG2/CNGA3/TSKU/KCNH4/DHRS3/HCN2/KCNG3/KCNC2/KCNJ5",12
"GO:0005216","monoatomic ion channel activity","37/859","126/6395",0.293651,2.1861,5.3,"1.810e-06","3.041e-05","2.462e-05","TRPC7/KCNG1/CACNA1S/KCNK12/SLC24A3/KCNQ4/KCNB2/SCNN1G/KCNT1/KCNG2/CNGA3/TRPA1/SCN8A/SLC24A4/CACNG5/GRIN2C/TSKU/OTOP3/KCNK13/CACNA1C/OTOP2/KCNH4/CACNA1H/DHRS3/TRPC5/SCN5A/HCN2/KCNG3/KCNC2/GABRP/KCNJ5/KCNK15/GRIN2A/TRPV2/KCNMB4/KCNK5/ANO1",37
"GO:0022843","voltage-gated monoatomic cation channel activity","16/859","34/6395",0.470588,3.5034,5.76,"2.024e-06","3.269e-05","2.646e-05","KCNG1/CACNA1S/KCNQ4/KCNB2/KCNG2/CNGA3/CACNG5/TSKU/CACNA1C/KCNH4/CACNA1H/DHRS3/HCN2/KCNG3/KCNC2/KCNJ5",16
"GO:0001653","peptide receptor activity","14/859","28/6395",0.5,3.7224,5.69,"3.616e-06","5.624e-05","4.553e-05","NMUR1/BDKRB2/F2RL1/MC5R/GPR139/OGFRL1/VIPR1/GUCY2C/NPR3/SSTR3/NPY5R/BDKRB1/NPY2R/MC3R",14
"GO:0022857","transmembrane transporter activity","84/859","393/6395",0.21374,1.5912,4.77,"5.011e-06","7.517e-05","6.085e-05","TRPC7/KCNG1/SLC16A3/CACNA1S/SLC23A1/AQP9/KCNK12/SLC24A3/SLCO2A1/SLC16A2/SLC9A7/KCNQ4/SLC25A38/KCNB2/NIPAL4/AQP11/SLC40A1/SCNN1G/SLC30A10/KCNT1/KCNG2/SLC35F1/SLC25A29/CNGA3/TRPA1/SCN8A/SLC24A4/SLC1A2/CACNG5/SLC4A4/ABCA1/ABCG1/GRIN2C/SLC2A9/SLC6A9/SLC2A10/MFSD12/TSKU/OTOP3/SLC4A10/SLC22A16/KCNK13/ATP7B/SLC2A5/SLC38A4/SFXN5/SLC41A3/SLC5A12/CACNA1C/OTOP2/KCNH4/CACNA1H/SLC6A6/SLC7A5/SLC39A10/DHRS3/TRPC5/SCN5A/HCN2/KCNG3/KCNC2/GC/GABRP/KCNJ5/SLC37A4/SLCO2B1/KCNK15/GRIN2A/SVOPL/SLC7A11/TRPV2/SLC38A11/FLVCR2/SLC22A3/SLC9A2/KCNMB4/SLC16A5/SLC16A12/KCNK5/SLC26A1/SLC46A2/SLC5A9/SLC6A1/ANO1",84
"GO:0015318","inorganic molecular entity transmembrane transporter activity","52/859","212/6395",0.245283,1.8261,4.82,"6.841e-06","9.908e-05","8.020e-05","TRPC7/KCNG1/CACNA1S/AQP9/KCNK12/SLC24A3/SLC9A7/KCNQ4/KCNB2/NIPAL4/SLC40A1/SCNN1G/SLC30A10/KCNT1/KCNG2/CNGA3/SCN8A/SLC24A4/SLC1A2/CACNG5/SLC4A4/GRIN2C/SLC6A9/TSKU/OTOP3/SLC4A10/KCNK13/ATP7B/CACNA1C/OTOP2/KCNH4/CACNA1H/SLC6A6/SLC39A10/DHRS3/TRPC5/SCN5A/HCN2/KCNG3/KCNC2/KCNJ5/SLC37A4/KCNK15/GRIN2A/TRPV2/SLC9A2/KCNMB4/KCNK5/SLC26A1/SLC5A9/SLC6A1/ANO1",52
"GO:0004866","endopeptidase inhibitor activity","16/859","37/6395",0.432432,3.2193,5.33,"7.964e-06","1.115e-04","9.025e-05","AGT/SERPINC1/C5/TIMP4/CRIM1/SERPINA10/KNG1/SERPINF2/TFPI2/TIMP3/SERPIND1/AMBP/FETUB/PAPLN/ITIH2/AHSG",16
"GO:0008324","monoatomic cation transmembrane transporter activity","47/859","188/6395",0.25,1.8612,4.72,"1.107e-05","1.500e-04","1.215e-04","TRPC7/KCNG1/CACNA1S/KCNK12/SLC24A3/SLC9A7/KCNQ4/KCNB2/NIPAL4/SLC40A1/SCNN1G/SLC30A10/KCNT1/KCNG2/CNGA3/SCN8A/SLC24A4/SLC1A2/CACNG5/SLC4A4/SLC6A9/TSKU/OTOP3/SLC4A10/KCNK13/ATP7B/SLC41A3/CACNA1C/OTOP2/KCNH4/CACNA1H/SLC6A6/SLC39A10/DHRS3/TRPC5/SCN5A/HCN2/KCNG3/KCNC2/KCNJ5/KCNK15/TRPV2/SLC9A2/KCNMB4/KCNK5/SLC5A9/SLC6A1",47
"GO:0005244","voltage-gated monoatomic ion channel activity","18/859","47/6395",0.382979,2.8512,5.02,"1.682e-05","2.207e-04","1.787e-04","KCNG1/CACNA1S/KCNQ4/KCNB2/KCNG2/CNGA3/CACNG5/GRIN2C/TSKU/CACNA1C/KCNH4/CACNA1H/DHRS3/HCN2/KCNG3/KCNC2/KCNJ5/GRIN2A",18
"GO:0061135","endopeptidase regulator activity","16/859","39/6395",0.410256,3.0542,5.07,"1.793e-05","2.282e-04","1.847e-04","AGT/SERPINC1/C5/TIMP4/CRIM1/SERPINA10/KNG1/SERPINF2/TFPI2/TIMP3/SERPIND1/AMBP/FETUB/PAPLN/ITIH2/AHSG",16
"GO:0022832","voltage-gated channel activity","18/859","48/6395",0.375,2.7918,4.91,"2.358e-05","2.913e-04","2.358e-04","KCNG1/CACNA1S/KCNQ4/KCNB2/KCNG2/CNGA3/CACNG5/GRIN2C/TSKU/CACNA1C/KCNH4/CACNA1H/DHRS3/HCN2/KCNG3/KCNC2/KCNJ5/GRIN2A",18
"GO:0061134","peptidase regulator activity","17/859","44/6395",0.386364,2.8764,4.92,"2.519e-05","3.023e-04","2.447e-04","AGT/SERPINC1/C5/TIMP4/CRIM1/FBLN1/SERPINA10/KNG1/SERPINF2/TFPI2/TIMP3/SERPIND1/AMBP/FETUB/PAPLN/ITIH2/AHSG",17
"GO:0030414","peptidase inhibitor activity","16/859","40/6395",0.4,2.9779,4.94,"2.620e-05","3.057e-04","2.475e-04","AGT/SERPINC1/C5/TIMP4/CRIM1/SERPINA10/KNG1/SERPINF2/TFPI2/TIMP3/SERPIND1/AMBP/FETUB/PAPLN/ITIH2/AHSG",16
"GO:0015075","monoatomic ion transmembrane transporter activity","54/859","235/6395",0.229787,1.7107,4.37,"3.395e-05","3.854e-04","3.120e-04","TRPC7/KCNG1/CACNA1S/KCNK12/SLC24A3/SLC9A7/KCNQ4/KCNB2/NIPAL4/SLC40A1/SCNN1G/SLC30A10/KCNT1/KCNG2/CNGA3/TRPA1/SCN8A/SLC24A4/SLC1A2/CACNG5/SLC4A4/GRIN2C/SLC6A9/TSKU/OTOP3/SLC4A10/KCNK13/ATP7B/SFXN5/SLC41A3/CACNA1C/OTOP2/KCNH4/CACNA1H/SLC6A6/SLC39A10/DHRS3/TRPC5/SCN5A/HCN2/KCNG3/KCNC2/GABRP/KCNJ5/KCNK15/GRIN2A/TRPV2/SLC9A2/KCNMB4/KCNK5/SLC26A1/SLC5A9/SLC6A1/ANO1",54
"GO:0004867","serine-type endopeptidase inhibitor activity","10/859","19/6395",0.526316,3.9183,5.02,"5.321e-05","5.882e-04","4.761e-04","AGT/SERPINC1/CRIM1/SERPINA10/SERPINF2/TFPI2/SERPIND1/AMBP/PAPLN/ITIH2",10
"GO:0004252","serine-type endopeptidase activity","16/859","45/6395",0.355556,2.647,4.37,"1.399e-04","1.507e-03","1.220e-03","MASP1/CFI/DPP4/F10/TMPRSS9/C1S/TMPRSS6/RHBDF1/RHBDL3/F7/F2/HABP2/PROZ/TMPRSS7/PLAU/F9",16
"GO:0008528","G protein-coupled peptide receptor activity","11/859","25/6395",0.44,3.2757,4.49,"1.779e-04","1.868e-03","1.512e-03","NMUR1/BDKRB2/F2RL1/MC5R/GPR139/VIPR1/SSTR3/NPY5R/BDKRB1/NPY2R/MC3R",11
"GO:0015081","sodium ion transmembrane transporter activity","15/859","43/6395",0.348837,2.597,4.14,"2.870e-04","2.940e-03","2.380e-03","SLC24A3/SLC9A7/SCNN1G/SCN8A/SLC24A4/SLC1A2/SLC4A4/SLC6A9/SLC4A10/CACNA1H/SLC6A6/SCN5A/SLC9A2/SLC5A9/SLC6A1",15
"GO:0005342","organic acid transmembrane transporter activity","18/859","57/6395",0.315789,2.351,4.04,"3.059e-04","3.059e-03","2.476e-03","SLC16A3/SLC16A2/SLC25A38/SLC25A29/SLC1A2/GRIN2C/SLC6A9/SFXN5/SLC5A12/SLC6A6/SLC7A5/SLCO2B1/GRIN2A/SLC7A11/SLC16A5/SLC16A12/SLC26A1/SLC6A1",18
"GO:0008514","organic anion transmembrane transporter activity","22/859","78/6395",0.282051,2.0998,3.85,"4.192e-04","4.094e-03","3.314e-03","SLC16A3/SLCO2A1/SLC16A2/SLC25A38/SLC25A29/SLC1A2/SLC4A4/GRIN2C/SLC6A9/SLC4A10/SFXN5/SLC5A12/SLC6A6/SLC7A5/SLC37A4/SLCO2B1/GRIN2A/SLC7A11/SLC16A5/SLC16A12/SLC26A1/SLC6A1",22
"GO:0046943","carboxylic acid transmembrane transporter activity","17/859","56/6395",0.303571,2.26,3.73,"7.446e-04","7.108e-03","5.754e-03","SLC16A3/SLC16A2/SLC25A38/SLC25A29/SLC1A2/GRIN2C/SLC6A9/SFXN5/SLC5A12/SLC7A5/SLCO2B1/GRIN2A/SLC7A11/SLC16A5/SLC16A12/SLC26A1/SLC6A1",17
"GO:0017147","Wnt-protein binding","8/859","17/6395",0.470588,3.5034,4.07,"8.117e-04","7.576e-03","6.133e-03","FZD4/SFRP4/FZD9/FZD3/FRZB/SFRP5/APCDD1/SFRP2",8
"GO:0008236","serine-type peptidase activity","16/859","52/6395",0.307692,2.2907,3.68,"8.988e-04","8.032e-03","6.502e-03","MASP1/CFI/DPP4/F10/TMPRSS9/C1S/TMPRSS6/RHBDF1/RHBDL3/F7/F2/HABP2/PROZ/TMPRSS7/PLAU/F9",16
"GO:0017171","serine hydrolase activity","16/859","52/6395",0.307692,2.2907,3.68,"8.988e-04","8.032e-03","6.502e-03","MASP1/CFI/DPP4/F10/TMPRSS9/C1S/TMPRSS6/RHBDF1/RHBDL3/F7/F2/HABP2/PROZ/TMPRSS7/PLAU/F9",16
"GO:0022836","gated channel activity","22/859","86/6395",0.255814,1.9045,3.33,"1.747e-03","1.528e-02","1.237e-02","KCNG1/CACNA1S/KCNQ4/KCNB2/SCNN1G/KCNT1/KCNG2/CNGA3/CACNG5/GRIN2C/TSKU/CACNA1C/KCNH4/CACNA1H/DHRS3/HCN2/KCNG3/KCNC2/GABRP/KCNJ5/GRIN2A/KCNMB4",22
"GO:0015291","secondary active transmembrane transporter activity","18/859","70/6395",0.257143,1.9144,3.03,"4.172e-03","3.576e-02","2.895e-02","SLC24A3/SLCO2A1/SLC16A2/SLC9A7/SLC24A4/SLC1A2/SLC4A4/SLC6A9/MFSD12/SLC4A10/SLC5A12/SLC6A6/SLC37A4/SLCO2B1/SLC9A2/SLC26A1/SLC5A9/SLC6A1",18
"GO:0098772","molecular function regulator activity","81/859","458/6395",0.176856,1.3166,2.77,"4.425e-03","3.717e-02","3.009e-02","CCNE2/CCNO/PPP2R2B/PLEKHG1/AGT/RASGRP3/RGS10/SERPINC1/IQSEC3/VAV3/C5/CDK5R1/RASGEF1A/BAG3/CCND3/GDF11/FGD6/RGS14/SH3PXD2B/TIMP4/DOCK9/ARHGEF3/SEMA5B/SEMA7A/WNT7B/TIAM1/CCNE1/CACNG5/NMB/CRIM1/CDKN1A/RAP1GAP2/GUCA1A/ASAP3/FBLN1/NGEF/DOCK3/KCNIP1/TSKU/MOB3B/RGN/SOCS2/RRAD/SERPINA10/CISH/TMEM35A/WNT4/KNG1/NRG1/SERPINF2/DLC1/WNT16/TFPI2/TIMP3/RABIF/SERPIND1/AMBP/BMP4/LYPD1/NCF4/DHRS3/FETUB/PAPLN/ARHGAP24/ITIH2/CCNJL/CXCL14/GHRL/AHSG/METRN/NPY/ATP1B1/SH3PXD2A/CDC20/IL15/CYTH4/FGD4/NRTN/KCNMB4/SCT/FXYD2",81
"GO:0004114","3',5'-cyclic-nucleotide phosphodiesterase activity","5/859","10/6395",0.5,3.7224,3.39,"6.072e-03","4.904e-02","3.970e-02","PDE8A/PDE1A/PDE7B/PDE3A/PDE4B",5
"GO:0042562","hormone binding","5/859","10/6395",0.5,3.7224,3.39,"6.072e-03","4.904e-02","3.970e-02","SLC40A1/EGFR/VIPR1/NPR3/MC3R",5
