"gene","logFC_106839","logFC_299945","avg_logFC","SE_106839","SE_299945","FDR_106839","FDR_299945","regulation"
"EOMES",2.33533104040328,6.64653207848479,4.49093155944404,0.171565146716576,0.448085845610009,1.86871658979549e-05,2.7957367234546e-07,"UP"
"NMU",1.05761074849567,7.87383356381805,4.46572215615686,0.180714795453076,0.782809525992914,0.00134826164120975,5.5218032842492e-06,"UP"
"TDO2",-1.62703178420229,-6.64525626527662,-4.13614402473946,0.173699923607779,0.343419426889622,0.000102658517015135,3.95388341854819e-08,"DOWN"
"CYP1B1",2.54750369756477,5.68909708295345,4.11830039025911,0.195196813615425,0.378159245478117,2.26222898622036e-05,2.56679328966448e-07,"UP"
"APOB",-1.99022466946227,-6.20601644733216,-4.09812055839722,0.232925794243569,0.227700453131637,0.000168711026927148,3.23523040832102e-09,"DOWN"
"CLDN2",-1.15362537409917,-6.92095803347619,-4.03729170378768,0.192366149816767,0.768607229668276,0.00118057272652477,1.2782595232918e-05,"DOWN"
"KNG1",-1.77078838663508,-6.07730755827515,-3.92404797245511,0.154625508609702,0.131738053262623,3.81073452586067e-05,1.76364503667677e-10,"DOWN"
"CHST1",0.881606239783491,6.9539089342447,3.9177575870141,0.266063240271829,0.490618127942406,0.0227980007183165,3.89634452966286e-07,"UP"
"TINAG",-0.950654094528911,-6.53520912643239,-3.74293161048065,0.0959160217675937,0.789162923977575,7.62572606204938e-05,2.45443425405828e-05,"DOWN"
"HPGD",-1.24985078275244,-6.21683507711104,-3.73334292993174,0.207612338151105,0.850053558053019,0.00115561867545361,6.37684548513975e-05,"DOWN"
"MATN3",0.813809462586038,6.59364501488211,3.70372723873407,0.194226536230919,0.783999039805092,0.00769296438599004,2.17341059041041e-05,"UP"
"TSKU",-1.02859396626384,-6.32623854891512,-3.67741625758948,0.0769928338942644,0.171919085697733,2.02989304832938e-05,5.35607522459618e-10,"DOWN"
"BAALC",0.863305783109352,6.4543636081704,3.65883469563988,0.137490484228468,0.758182605201861,0.000927309040440995,1.98041613920873e-05,"UP"
"KCNK15",1.26633031798441,6.04649058028674,3.65641044913558,0.16893107993615,0.949091378917568,0.000343685083619229,0.000180730627533711,"UP"
"FGA",-1.11354785273408,-6.16840519883567,-3.64097652578488,0.0682785182256212,0.24297181369529,9.90380464913159e-06,5.62157738110994e-09,"DOWN"
"EHF",-1.22191994987034,-6.03466834853332,-3.62829414920183,0.0992427911602901,0.401396176677612,2.88154699484177e-05,2.58042428869897e-07,"DOWN"
"ALDH8A1",-0.817000541627419,-6.28330886900961,-3.55015470531851,0.0688344584852454,0.331209945590585,3.22594617457831e-05,4.61207666048688e-08,"DOWN"
"ESR1",-1.26974763876631,-5.5160367114145,-3.3928921750904,0.164811447782085,0.326897298631889,0.00029662657250958,1.13881331912189e-07,"DOWN"
"C1QL3",1.37475148453636,5.32502214772986,3.34988681613311,0.223993954037319,0.609061208777924,0.00104563514179839,1.60788183318913e-05,"UP"
"SLC38A4",-1.31002931639064,-5.34000084643996,-3.3250150814153,0.0716435042892284,0.159196823111644,6.02533093239045e-06,9.25513657842016e-10,"DOWN"
"RBM47",-1.04461011140242,-5.59300163511416,-3.31880587325829,0.0872656601641119,0.281039362863168,3.1082839722874e-05,3.16534481424349e-08,"DOWN"
"IGFBP1",-0.89252458696879,-5.72995200334828,-3.31123829515853,0.0600505163883307,0.164686410850969,1.36577497457318e-05,7.74541572799208e-10,"DOWN"
"PRKCB",1.88144026927784,4.71465406051494,3.29804716489639,0.137777281506908,0.368873124708955,1.86871658979549e-05,8.69308799508161e-07,"UP"
"SUSD3",1.56493181374348,5.00824748457042,3.28658964915695,0.1529264850392,0.903927818410596,6.58511820887943e-05,0.000499751209256506,"UP"
"VSX1",1.63286624282279,4.83902189093414,3.23594406687846,0.20922202579728,0.66181591577093,0.000278048558729716,6.38748369281026e-05,"UP"
"HNF4A",-1.13277878308882,-5.29058170858729,-3.21168024583806,0.0873279692814016,0.13808455356415,2.32916072016354e-05,4.08054707692963e-10,"DOWN"
"FETUB",-1.18123777921839,-5.22418212669333,-3.20270995295586,0.0741248770095625,0.178824282862772,1.08116307815066e-05,2.11576117215449e-09,"DOWN"
"CACNG5",0.899817612187178,5.47442032440876,3.18711896829797,0.191323006676731,0.437700197038887,0.00434732930059658,1.01507309707226e-06,"UP"
"PLXNA4",-0.960183743479777,-5.33623369047941,-3.14820871697959,0.0953629219873882,0.585791121848289,7.10828684629749e-05,1.17141579329288e-05,"DOWN"
"RASSF10",1.82912260980565,4.46468088679995,3.1469017483028,0.0983708239644398,0.420444024875464,5.55383613584208e-06,3.59442591269168e-06,"UP"
"SLC35F1",1.84464019757433,4.4300897733468,3.13736498546057,0.176345866488933,0.43130111743234,5.98701794164954e-05,4.68025414524764e-06,"UP"
"NKX2-1",1.26841253683428,4.971514241623,3.11996338922864,0.151016802149546,0.775208773806094,0.00018747160447483,0.000172107589458374,"UP"
"ACSL5",-1.00588080284656,-5.17221792836483,-3.0890493656057,0.0621968378453286,0.103360527781973,1.0007205068453e-05,1.76364503667677e-10,"DOWN"
"NR1H4",-1.11941718346715,-5.03810967456288,-3.07876342901501,0.0769657556246993,0.15541162152945,1.52651745325432e-05,1.17000928609959e-09,"DOWN"
"PROZ",-1.3058632241363,-4.84426855768128,-3.07506589090879,0.120469948639448,0.759862201367435,5.0200260836535e-05,0.000179802409328904,"DOWN"
"GIMD1",-1.40820568368642,-4.7221401246408,-3.06517290416361,0.150759686615461,0.373939882448074,0.000104226273396705,9.46273033418237e-07,"DOWN"
"NKX6-1",1.93766521324377,4.19261787312924,3.0651415431865,0.162581707026137,0.259400161200903,3.17215888287579e-05,1.5437146993919e-07,"UP"
"TPPP",-1.29706807941828,-4.8023663411705,-3.04971721029439,0.189886898256305,0.332392547822965,0.000573396045491208,3.38326955640496e-07,"DOWN"
"SPEF2",-1.50977287105939,-4.57691414541569,-3.04334350823754,0.195612680270892,0.525469697499306,0.000294318812015843,1.65496653907408e-05,"DOWN"
"AHSG",-1.24860786699737,-4.82397611626585,-3.03629199163161,0.111589812008737,0.541927022292995,4.29003152316747e-05,1.39907737869102e-05,"DOWN"
"HACD4",-0.727518191276622,-5.3168589244504,-3.02218855786351,0.140064381511583,0.819281659559519,0.00255720275888664,0.000157274620228226,"DOWN"
"BARHL2",1.02876540620412,5.01428434630231,3.02152487625322,0.196812472571978,0.987359189811216,0.00246957846804583,0.000911770368112982,"UP"
"DLK2",0.795045968460341,5.24307064601505,3.01905830723769,0.124812372535591,0.346651869793005,0.000858809984007906,2.4690825328347e-07,"UP"
"PABPN1L",1.75274901715595,4.25773326037812,3.00524113876704,0.177327370470802,0.270207563926637,7.73449551351689e-05,1.85380133938683e-07,"UP"
"CCDC85A",1.29080393588225,4.71463002481716,3.00271698034971,0.160075576188917,0.316030895606376,0.000231873493021575,2.71651407065292e-07,"UP"
"ATP7B",-0.791054054498382,-5.17573204912965,-2.98339305181402,0.0831638366202264,0.368548876940989,9.47529877704976e-05,4.16947168545077e-07,"DOWN"
"MYLK2",0.493628875120469,5.44330500671362,2.96846694091704,0.159688343157958,0.835499214216126,0.0303128416364964,0.0001528806173146,"UP"
"SIGIRR",-1.07651757561945,-4.83836338624175,-2.9574404809306,0.077035267433118,0.158777410426171,1.78697535834593e-05,1.67909404250492e-09,"DOWN"
"PLA1A",-0.514135416835828,-5.3998671065504,-2.95700126169311,0.0827222901571063,0.503334636127841,0.000978642172540544,3.30606864281059e-06,"DOWN"
"ANKRD34B",0.774844365962845,5.11255454412592,2.94369945504438,0.178373470593945,0.738680651020558,0.00647009644656799,9.69916922862696e-05,"UP"
"RASL11B",0.83047506866238,5.02207127025422,2.9262731694583,0.148397917682009,0.423624391302974,0.00170197352550145,1.50599090804026e-06,"UP"
"BMP4",1.27436528383044,4.57565485575834,2.92501006979439,0.176862739950006,0.605242515835343,0.000427065109455143,4.97606260870324e-05,"UP"
"SLC2A2",-1.19321942861816,-4.65343347237026,-2.92332645049421,0.129800846521586,0.261807359756443,0.000113077775626622,7.73770419576934e-08,"DOWN"
"KCNK13",1.14796298491934,4.57894568158501,2.86345433325218,0.143125036399486,0.472086466346412,0.00023909498109213,7.24057959266327e-06,"UP"
"PCK1",-1.5596412593966,-4.13943846909876,-2.84953986424768,0.0990641768808218,0.488116965004729,1.11580877681138e-05,2.03871619859826e-05,"DOWN"
"ADGRG2",-1.0732442871815,-4.61588935752762,-2.84456682235456,0.137993346792539,0.174254216664223,0.000282583241226855,4.05920263256422e-09,"DOWN"
"AGT",-0.559947046110053,-5.12879069511795,-2.844368870614,0.165393304344877,0.393679572616159,0.0208442854829434,7.51995421321433e-07,"DOWN"
"HABP2",-1.00806544004942,-4.65726282622058,-2.832664133135,0.166034481505879,0.835179246451344,0.00110702160584828,0.00047727773200526,"DOWN"
"HRH3",0.727277838563583,4.93733457908703,2.83230620882531,0.153442399619164,0.898774189652977,0.00418358897674987,0.000530256573635967,"UP"
"SLC5A12",-0.800910327308666,-4.81895068808594,-2.8099305076973,0.213761640052948,0.495391074113956,0.0131156076703785,7.09394437642304e-06,"DOWN"
"DGKG",0.682541298476891,4.92015501600373,2.80134815724031,0.192443489037324,0.847969907911537,0.0169270895111704,0.000360297838713954,"UP"
"RGS7BP",2.65640224397472,2.94149446032014,2.79894835214743,0.247718455260935,0.178469080745505,5.32262133291195e-05,1.3443186967484e-07,"UP"
"NGEF",-0.846776842669037,-4.75009487602341,-2.79843585934622,0.133828869125282,0.450973780739694,0.000891948714221871,3.82785979728199e-06,"DOWN"
"SERPIND1",-1.4630547594597,-4.10542947810031,-2.78424211878,0.119319237066828,0.257750822562969,2.90883700045415e-05,1.73489090096331e-07,"DOWN"
"DGKI",-0.666069225943007,-4.89834917550815,-2.78220920072558,0.17402384096327,0.732419079260735,0.0119179666582186,0.00012578000489891,"DOWN"
"ATP10B",-1.16003583126424,-4.40378628187081,-2.78191105656752,0.100607628914514,0.201370426994445,3.69108811290126e-05,1.58626801995699e-08,"DOWN"
"NPY",-1.38824605306572,-4.17291081645628,-2.780578434761,0.194995754280224,0.747106030121805,0.000457071216555375,0.000471916924634619,"DOWN"
"ABCA1",-0.718262620592216,-4.83578628511493,-2.77702445285358,0.101487344185655,0.459873313498274,0.000473775000273417,3.87726950953423e-06,"DOWN"
"SLC6A6",-0.794590172399254,-4.74877837331371,-2.77168427285648,0.061764495262105,0.259351319079467,2.42064662889698e-05,6.0794596207443e-08,"DOWN"
"PLPP3",-1.17543253967539,-4.36772448917329,-2.77157851442434,0.0772530279484822,0.13466310496214,1.2487083918671e-05,1.17000928609959e-09,"DOWN"
"PDLIM3",-1.08422683363646,-4.429256550566,-2.75674169210123,0.0805090243699857,0.482738100978679,1.95510505334065e-05,1.11081787484437e-05,"DOWN"
"ANGPTL3",-1.29205105950352,-4.22058872289724,-2.75631989120038,0.136893607657526,0.86829208589497,9.91764573448065e-05,0.00121890160551514,"DOWN"
"AQP9",-1.04729896117617,-4.46293124146329,-2.75511510131973,0.189024098895406,0.186840214597353,0.00179685766658537,8.39309130346446e-09,"DOWN"
"CMTM7",-0.800877422632528,-4.69190888412268,-2.7463931533776,0.179679000988899,0.9272069586857,0.00569014281582999,0.000934012961918757,"DOWN"
"KIAA1217",-0.911004322405438,-4.57956956032098,-2.74528694136321,0.0775236945926419,0.157813455160631,3.37393874872705e-05,2.14524330925582e-09,"DOWN"
"GBX2",1.66740139453158,3.81857110283177,2.74298624868168,0.13143044444692,0.25452975268192,2.5078533346964e-05,2.61437954902289e-07,"UP"
"GREB1L",-0.971825866635429,-4.5081067026861,-2.73996628466076,0.095865078074025,0.180284855982242,6.86834700400313e-05,6.28679884300406e-09,"DOWN"
"IL15",-1.15616065142584,-4.31198496842005,-2.73407280992295,0.141380809972932,0.717682879835587,0.000216389297033742,0.000279045288291391,"DOWN"
"PALMD",-1.2472111568833,-4.21583380800386,-2.73152248244358,0.13236310629827,0.432425989126193,0.000100140158707367,6.99462849043565e-06,"DOWN"
"GUCY2C",-0.940772607551083,-4.5032213797291,-2.72199699364009,0.0997913983146414,0.14130658385006,9.99283116151489e-05,1.27282794764429e-09,"DOWN"
"SOX6",-0.532996844352828,-4.88518724298516,-2.70909204366899,0.155400949768259,0.657360261505356,0.0197182840223352,5.67145583106816e-05,"DOWN"
"SERPINA10",-1.64327371831605,-3.75743519146771,-2.70035445489188,0.176015584234346,0.303224702265941,0.000104237446467058,1.08881040684231e-06,"DOWN"
"PLSCR5",-0.976760908728274,-4.39151015387839,-2.68413553130333,0.102246158739722,0.864414475105,9.33819855730331e-05,0.000909706321617985,"DOWN"
"PROX1",-1.1990661450866,-4.16437108240839,-2.68171861374749,0.104179328032834,0.203037251028647,3.71744844933268e-05,2.53881777196671e-08,"DOWN"
"FABP2",-1.70278690583342,-3.659165983709,-2.68097644477121,0.149932172820341,0.575313120603821,4.00175407209779e-05,0.000182974115722091,"DOWN"
"APOA4",-1.05672471451294,-4.30449645580951,-2.68061058516122,0.130155162640785,0.853015768369201,0.00022459357269539,0.00095217617397857,"DOWN"
"PDK4",-1.33840922364104,-4.02186960429848,-2.68013941396976,0.0770316442662881,0.117587394420134,7.15194326287285e-06,7.94474644334411e-10,"DOWN"
"FGB",-0.981008666583827,-4.36632308487762,-2.67366587573072,0.0865448493420498,0.0823155953416608,4.02571218246537e-05,1.76364503667677e-10,"DOWN"
"ZBTB7C",0.414190806060127,4.90508623663805,2.65963852134909,0.14594709645518,0.826493686820213,0.0419795097149586,0.000305999577741574,"UP"
"ANTXR1",-1.05889462202662,-4.20770313442102,-2.63329887822382,0.149312687417838,0.776803557005011,0.000467711493277509,0.000584649834780828,"DOWN"
"NKX2-8",1.0728941522382,4.18595011226603,2.62942213225212,0.188134536442582,0.537958387725447,0.00155112952189533,3.98631470341198e-05,"UP"
"GPR146",-0.727839944470396,-4.4841221858453,-2.60598106515785,0.0810159252161186,0.184086669918007,0.000128331566960265,7.54176346213392e-09,"DOWN"
"FMOD",-0.845958762878857,-4.36412971163427,-2.60504423725656,0.092121766346932,0.804680928912794,0.000113420283074209,0.000580043127541828,"DOWN"
"CPB2",-1.19548118508557,-4.0126562147028,-2.60406869989419,0.117506152294344,0.318556142833001,6.7704619644396e-05,9.64810935060518e-07,"DOWN"
"F7",-0.844059058917126,-4.36163228317296,-2.60284567104504,0.134572384096302,0.645054150540396,0.000930379395639038,0.000115814994712346,"DOWN"
"MYC",-0.670982520482452,-4.52828153733398,-2.59963202890822,0.0726615758569212,0.161544174984134,0.000111031282540527,2.70658221590406e-09,"DOWN"
"HTR1B",0.83887744917873,4.35952758154668,2.59920251536271,0.188951985245284,0.772437936010485,0.00580723149906751,0.000437798359029601,"UP"
"SPP2",-0.693749781762312,-4.48877326331652,-2.59126152253942,0.181760960187428,0.641310122909222,0.0120793329397535,8.89833197878546e-05,"DOWN"
"TMPRSS7",-0.754440297970317,-4.4202458356986,-2.58734306683446,0.13033421735278,0.831960037844779,0.0014340866870896,0.000668356924230764,"DOWN"
"MAN1A1",-1.18559679598079,-3.91206459580123,-2.54883069589101,0.179176550043985,0.139343397478817,0.00068520620884391,2.68293823475747e-09,"DOWN"
"CACNA1S",1.43426836553449,3.6504833718985,2.5423758687165,0.147787506370501,0.255131054397277,8.61380812151495e-05,3.60451836965261e-07,"UP"
"SGK2",-0.672035911860567,-4.40865029360076,-2.54034310273066,0.122641017402891,0.497692333801779,0.00191333056387909,1.4535026097653e-05,"DOWN"
"PRPS2",-0.87221741146167,-4.19840099310182,-2.53530920228174,0.0733470746473422,0.0800978640170649,3.20318937067035e-05,1.76364503667677e-10,"DOWN"
"KLF15",-0.872147146452169,-4.19385492405596,-2.53300103525406,0.114224813299328,0.171288058466144,0.000308961944547112,7.33237940004011e-09,"DOWN"
"OTC",-0.676286728978879,-4.3838998638391,-2.53009329640899,0.158582504524418,0.847537798064989,0.00705480612350613,0.000803884514283084,"DOWN"
"NKX3-2",1.96153978542691,3.08976799267399,2.52565388905045,0.129061488167524,0.416860313117323,1.2487083918671e-05,5.78378234878594e-05,"UP"
"FRMD4B",-0.849576075569938,-4.2007815854673,-2.52517883051862,0.123628596460652,0.264070956936481,0.000555905855126122,1.74763105734129e-07,"DOWN"
"WNT16",1.00252457423374,4.03604832423614,2.51928644923494,0.154840694058233,0.576189290602199,0.000784960803554946,8.84851582679337e-05,"UP"
"BCHE",-0.936250462904174,-4.09587983121493,-2.51606514705955,0.0781475678127842,0.135162851345825,3.10570251534828e-05,1.69163951078646e-09,"DOWN"
"DMRTA2",1.66167519632876,3.2903858649626,2.47603053064568,0.124423192388917,0.425138553197456,2.02989304832938e-05,4.15250908774373e-05,"UP"
"FAM163A",1.71699663605015,3.22874058258854,2.47286860931935,0.195128307582703,0.605385342953299,0.000143223427868485,0.000650657316282313,"UP"
"RXRG",-0.965935981095607,-3.97603363307062,-2.47098480708311,0.0581788357162266,0.0856312855389772,9.34691406754015e-06,1.76364503667677e-10,"DOWN"
"KLB",-0.993656044004758,-3.92629860222508,-2.45997732311492,0.129127676438708,0.222925105198815,0.000297137720438397,8.32214388258986e-08,"DOWN"
"SDC3",0.780838927667306,4.13465835825325,2.45774864296028,0.138885661829147,0.314949304732129,0.0016618864313439,7.07015634553566e-07,"UP"
"MBL2",-0.975141889180267,-3.93784278771298,-2.45649233844662,0.106654904268255,0.237551381576796,0.000116268706573679,1.28223683242381e-07,"DOWN"
"WNT4",1.04068651101674,3.8068103163874,2.42374841370207,0.196625923717112,0.524023612575621,0.00231100863219592,6.69247662418626e-05,"UP"
"AMDHD1",-1.08283629331547,-3.76132487989067,-2.42208058660307,0.0859200970777528,0.130650031084115,2.57421088526389e-05,2.19900559051289e-09,"DOWN"
"PI15",-1.28074965917406,-3.56176185773362,-2.42125575845384,0.204722812089974,0.246830074564472,0.000943736598411981,3.41647352168482e-07,"DOWN"
"MDGA1",-0.761646666655523,-4.06072051062167,-2.4111835886386,0.105423875858895,0.272309656903378,0.000419556629974422,2.7241043687514e-07,"DOWN"
"ALDOB",-1.26445767450271,-3.55574303782493,-2.41010035616382,0.0797751059463372,0.0902680171585365,1.09110256953108e-05,3.68496083281572e-10,"DOWN"
"BST1",-0.810959566220584,-4.00254480681349,-2.40675218651704,0.141011215251578,0.2392136750845,0.00148784821128255,1.19847649489127e-07,"DOWN"
"FGFRL1",-0.669870497979662,-4.13169235934066,-2.40078142866016,0.0744520138948523,0.186231746298357,0.000127453198410488,1.43309795272858e-08,"DOWN"
"MTTP",-0.937730581684337,-3.85652814837371,-2.39712936502902,0.0614864411920319,0.0924543423979595,1.24854229965334e-05,3.12185094146456e-10,"DOWN"
"MC5R",-1.27061523867605,-3.50633533992785,-2.38847528930195,0.190753795043614,0.274479354142636,0.000663636892745618,8.72166699071848e-07,"DOWN"
"LAMA1",1.0697166713997,3.69349713882606,2.38160690511288,0.137738577426833,0.32489877675328,0.000284902991460181,2.08440747288974e-06,"UP"
"KCNB2",-0.976282226794816,-3.77448457566987,-2.37538340123234,0.14630512658521,0.300058344512462,0.000659165758302116,9.7528078977992e-07,"DOWN"
"TRPC7",-0.74573243728078,-3.99603523726408,-2.37088383727243,0.142060849110836,0.19045642072026,0.00242023407120018,2.12635537035701e-08,"DOWN"
"ARHGAP24",-0.780872048119801,-3.94689304976587,-2.36388254894284,0.146647389201442,0.444134629274462,0.00224247459744404,1.41753644382022e-05,"DOWN"
"DBX2",1.23011554077564,3.49681398188392,2.36346476132978,0.1632480044167,0.290363922875556,0.000333557745342997,1.34853163378493e-06,"UP"
"TMPRSS6",-0.644174119560911,-4.08114042269847,-2.36265727112969,0.079095531131813,0.140527887077748,0.000221934565736744,2.14524330925582e-09,"DOWN"
"KMO",-1.06462591138983,-3.61698595086598,-2.34080593112791,0.0696520130236187,0.33847314829203,1.24350560462977e-05,3.40998858281907e-06,"DOWN"
"TNFSF15",-0.955824718884165,-3.71978120573431,-2.33780296230924,0.0955382248504905,0.273736288955844,7.26178582995299e-05,5.38521205100538e-07,"DOWN"
"RGS20",0.734675329002725,3.93413821648157,2.33440677274215,0.171491402425324,0.260218480303907,0.00690962111507442,2.47606640548535e-07,"UP"
"DENND4C",-1.32877341687795,-3.33651387853926,-2.3326436477086,0.182735241388442,0.165919013472608,0.000405407420039978,2.91042694720525e-08,"DOWN"
"SLC30A10",-0.929680565531615,-3.71467947090689,-2.32218001821925,0.117670454564937,0.310718299368405,0.000259317685976911,1.41833483615937e-06,"DOWN"
"CIDEA",-1.12150144378268,-3.52023110645322,-2.32086627511795,0.081161473255444,0.158009860112961,1.80714505031088e-05,1.39401079051493e-08,"DOWN"
"CENPF",-1.35568986424975,-3.28220493857663,-2.31894740141319,0.269919753940206,0.136688703801837,0.00308647754502042,8.21544912691189e-09,"DOWN"
"C1QTNF6",-0.823852016406176,-3.8111223360931,-2.31748717624964,0.101743690142235,0.167374437997202,0.000227901782932988,1.1807306680916e-08,"DOWN"
"ESRP2",-0.837187114253957,-3.79224564657542,-2.31471638041469,0.0823376821813615,0.0924528897299052,6.7704619644396e-05,3.32163425325196e-10,"DOWN"
"FGFR3",-1.20773429105353,-3.40734784577365,-2.30754106841359,0.0707859395923718,0.1127707087804,8.09592710456256e-06,1.69163951078646e-09,"DOWN"
"CCNE1",0.784020810009597,3.82859616406477,2.30630848703718,0.189767407178235,0.386783086967107,0.00825650554592162,6.26100652699009e-06,"UP"
"HNF1A",-1.05013685168296,-3.56047039365339,-2.30530362266818,0.063742944197453,0.121446315526111,9.34691406754015e-06,2.06493483575909e-09,"DOWN"
"PAH",-0.574063264842908,-4.0336086248279,-2.3038359448354,0.0732892614951004,0.105440144965002,0.000271473482632794,4.08054707692963e-10,"DOWN"
"MYOC",0.683651325371401,3.89876312922407,2.29120722729773,0.176779187446079,0.25730683925572,0.0113533921008459,2.43483894619178e-07,"UP"
"ALS2CL",-0.786709485185785,-3.79458622866346,-2.29064785692462,0.0961133232990971,0.262167861674173,0.000215379053878513,3.36112828030315e-07,"DOWN"
"STK17A",0.941810372041942,3.63289586443951,2.28735311824073,0.155858486217308,0.420342171624853,0.00113559861540103,1.75727656215332e-05,"UP"
"GFRA3",-0.910621262504911,-3.65780711051905,-2.28421418651198,0.0751234877340363,0.104373837815383,3.0248311003207e-05,7.65274460772348e-10,"DOWN"
"IL7R",-1.00239351638504,-3.55694783332876,-2.2796706748569,0.154841859123136,0.430794543762997,0.000784961354959432,2.51400870726811e-05,"DOWN"
"CREB3L3",-1.03777885594947,-3.51126272609767,-2.27452079102357,0.0893252341404614,0.126969714320638,3.57721521118242e-05,2.920290145862e-09,"DOWN"
"VSTM2B",0.620879587891572,3.92114288280951,2.27101123535054,0.0827222484206778,0.928115053724579,0.000341796558286733,0.0030072700732303,"UP"
"CAPN13",-0.635815011209569,-3.90245693150506,-2.26913597135732,0.0652389290817558,0.131697476003094,8.39422592669566e-05,1.92324588264095e-09,"DOWN"
"CBLN1",1.1541694535201,3.37932921478089,2.26674933415049,0.107065489377115,0.36643852053757,5.1576627020934e-05,1.06969726746234e-05,"UP"
"FSTL4",-0.844849888699293,-3.68098647335863,-2.26291818102896,0.078193305218034,0.0807744580099892,5.10090168538623e-05,1.76364503667677e-10,"DOWN"
"DLL1",-0.662456280121792,-3.85961176652531,-2.26103402332355,0.0704613924870857,0.106189357963892,0.000100885469297222,5.84253561257915e-10,"DOWN"
"APCDD1",-0.895357590071104,-3.62292981694218,-2.25914370350664,0.0757129659746094,0.074784793308881,3.28340956772411e-05,1.76364503667677e-10,"DOWN"
"MARCKSL1",0.351824290454385,4.14785338064579,2.24983883555009,0.101604517328753,0.230683168399392,0.0188920270166497,7.03123031600968e-08,"UP"
"MAFA",0.813982612350896,3.67559095321962,2.24478678278526,0.189437198582759,0.477484824624084,0.00680285389172965,4.328236762464e-05,"UP"
"CDH20",-0.751976568956881,-3.73467150904217,-2.24332403899952,0.132013275780474,0.141051187304198,0.0015575967653884,4.05920263256422e-09,"DOWN"
"ST8SIA5",-0.730535993960862,-3.73845137949428,-2.23449368672757,0.0893729577856034,0.0876306417006165,0.000216859406069234,2.6028414764852e-10,"DOWN"
"HGD",-0.898218219323089,-3.56509026468074,-2.23165424200191,0.0964483117863044,0.408717519062606,0.000105568466764183,1.63694664011982e-05,"DOWN"
"FAM131B",0.954339217114979,3.50701364476481,2.2306764309399,0.137767915948108,0.3558330880481,0.000530915749462427,6.4652434480108e-06,"UP"
"SGK1",-1.00321105572548,-3.4461341235945,-2.22467258965999,0.0773838854608573,0.181434998346281,2.32916072016354e-05,4.58808771262726e-08,"DOWN"
"ACKR2",-0.897441003095761,-3.54588367979978,-2.22166234144777,0.183501830694149,0.880623580476651,0.0035560468294009,0.00404284532971707,"DOWN"
"BDKRB1",-0.695003526577449,-3.74493784713695,-2.2199706868572,0.155522562316116,0.329383752605306,0.00561040738835382,2.08337716198839e-06,"DOWN"
"F13B",-0.820717910831606,-3.61870677820146,-2.21971234451653,0.0606266803242639,0.134222953716731,1.92102015670133e-05,3.5023208241861e-09,"DOWN"
"FAM43A",0.880831624436071,3.55163301837089,2.21623232140348,0.125012510691988,0.170339825155037,0.00048336257603735,2.21295374063748e-08,"UP"
"C11orf52",-0.901449397273297,-3.53072758489622,-2.21608849108476,0.0886087608162794,0.19307670282222,6.7704619644396e-05,6.12744621135774e-08,"DOWN"
"FGL2",0.869204220099886,3.52818436149076,2.19869429079533,0.283397119049169,0.530211942147699,0.0312549939003526,0.000130717974039078,"UP"
"A1CF",-0.905219109696215,-3.48915100581665,-2.19718505775643,0.0617131034008468,0.172532941677472,1.50093659018159e-05,2.8086894815893e-08,"DOWN"
"TNFRSF11B",-0.792891342227719,-3.58751578916516,-2.19020356569644,0.157375569989434,0.289236281471967,0.00303517973464682,1.08025073787011e-06,"DOWN"
"ENPEP",-0.877443918356973,-3.50203286853067,-2.18973839344382,0.084072807183248,0.242925728599791,6.01249841850794e-05,3.43375366290829e-07,"DOWN"
"GAB3",0.705514902945901,3.67298898976866,2.18925194635728,0.190107932825199,0.313611294417313,0.0136988334280293,1.65360031606554e-06,"UP"
"TAT",-0.980503694451299,-3.39750356722231,-2.1890036308368,0.148621468134991,0.347517187393798,0.000696166852074493,6.84976243852267e-06,"DOWN"
"GLOD5",-0.968320221658668,-3.40582028705183,-2.18707025435525,0.0888525206153752,0.453879770570851,4.86187491433054e-05,5.26539449097665e-05,"DOWN"
"TRIL",0.947161725644051,3.42092597995975,2.1840438528019,0.151031282856787,0.22693312401798,0.000930379395639038,2.53062734203189e-07,"UP"
"HMX3",3.19788078798827,1.16906650389265,2.18347364594046,0.171021393640077,0.158145659399029,5.55383613584208e-06,5.9080072258926e-05,"UP"
"IL20RA",-0.98570685285677,-3.37816404462762,-2.18193544874219,0.0847320400286337,0.148124094599495,3.55249288129263e-05,1.16622254793037e-08,"DOWN"
"SOCS2",0.54108413554376,3.82048762288825,2.180785879216,0.096627339003888,0.270322653313482,0.00169758403180214,3.9782742284567e-07,"UP"
"LPAR1",-0.940351552673985,-3.42014175527733,-2.18024665397566,0.0824163579715796,0.225272244355799,3.89297719007012e-05,2.3999918435098e-07,"DOWN"
"RNF208",2.11001798546114,2.24207824596511,2.17604811571313,0.189187884570874,0.122459014756317,4.35662184443083e-05,6.0794596207443e-08,"UP"
"FAM124A",0.877525948775699,3.45305247871968,2.16528921374769,0.154855658991787,0.429394635687958,0.00159995648823857,3.09029511298433e-05,"UP"
"HOXB8",-1.15733609159675,-3.1587684088377,-2.15805225021723,0.100433444187709,0.206728610405028,3.69486485061544e-05,2.27629534322932e-07,"DOWN"
"DOCK3",0.605340226685466,3.70424512344234,2.15479267506391,0.128656184069879,0.358340459420254,0.00434489658423572,4.44446343569405e-06,"UP"
"FBP1",-1.04116114347212,-3.26620421963726,-2.15368268155469,0.0720193443127478,0.102620370409889,1.57916236847608e-05,1.27370910011342e-09,"DOWN"
"CDC42EP3",1.00303447850382,3.29688374769353,2.14995911309867,0.191724851492914,0.326833034487565,0.00246025922881968,5.41291835758906e-06,"UP"
"KCNC2",0.416619877854224,3.87753071602391,2.14707529693907,0.152508462668829,0.60069995978493,0.0483628665479157,0.000163980663332289,"UP"
"NCF4",2.71513541421965,1.57781006006536,2.1464727371425,0.228472850909707,0.360319379831795,3.2064852245092e-05,0.0024008546238689,"UP"
"SLC16A3",1.10847604580164,3.18243719598402,2.14545662089283,0.123066894351734,0.121005356844235,0.000126552023753423,4.20690852306831e-09,"UP"
"SLC16A2",-0.791208128731163,-3.48718297194412,-2.13919555033764,0.148994926174506,0.186582394493347,0.0022691783039072,5.21618957080097e-08,"DOWN"
"RFX2",1.86082223444472,2.41105711627419,2.13593967535946,0.149544456553975,0.159042341536379,2.70750929517246e-05,2.42585371185331e-07,"UP"
"LZTS3",-1.0938934931363,-3.17731769782616,-2.13560559548123,0.105678796014764,0.481610139517394,6.16339614009818e-05,0.000139230683508199,"DOWN"
"SNCB",0.874292904238319,3.39357886381645,2.13393588402738,0.14821434733651,0.582202136336392,0.00129848032525815,0.000349461166322175,"UP"
"MME",0.738356454698016,3.52890749167613,2.13363197318707,0.16650623353986,0.2859969222892,0.00583394862807828,1.12267386154736e-06,"UP"
"LHX4",1.27854342949087,2.97220313989864,2.12537328469475,0.165042261645902,0.248028521065469,0.000288557869034966,1.39993430858714e-06,"UP"
"EGFR",-1.30627391592112,-2.9207598653484,-2.11351689063476,0.086295251497647,0.10467441444354,1.25447954187631e-05,2.7385789902947e-09,"DOWN"
"NIPAL4",-0.594450269740345,-3.63242209743016,-2.11343618358525,0.196688909031346,0.231452502067161,0.0331098372657267,1.90009862644784e-07,"DOWN"
"FGG",-0.709509125831897,-3.51619387584142,-2.11285150083666,0.116568696414904,0.672525575449322,0.00109150803008926,0.00074777159079786,"DOWN"
"KCNG1",1.0915367469334,3.13385729681885,2.11269702187613,0.229390781613973,0.181887111574982,0.0041063909923037,9.78202344736215e-08,"UP"
"XDH",-0.845666990346097,-3.37872496838241,-2.11219597936425,0.0974303979426198,0.353121032935835,0.000154711618457737,7.99353324093091e-06,"DOWN"
"SH3GL3",0.962377037521325,3.25603296363413,2.10920500057773,0.301359330582227,0.217990796438779,0.026399753597863,2.70056151061193e-07,"UP"
"MELTF",-0.779145141083648,-3.42256466154297,-2.10085490131331,0.0878474489609276,0.0743018571864139,0.000138393034672674,1.76364503667677e-10,"DOWN"
"GTF2A1L",-0.813872087229575,-3.3840307994566,-2.09895144334309,0.142627616657473,0.915912970518068,0.00154855009474649,0.00666428310510672,"DOWN"
"GLI3",0.856489344985866,3.33261615607022,2.09455275052804,0.13844600093649,0.290677086150465,0.00100303381155665,1.95397452744507e-06,"UP"
"CRYAA",1.19426602391749,2.97579878420005,2.08503240405877,0.145648467188541,0.460006125626532,0.000213137982709445,0.000161157284148059,"UP"
"VILL",-0.991757032379576,-3.176194756993,-2.08397589468629,0.136910151540551,0.496649617376317,0.000414702858723964,0.000175718049199116,"DOWN"
"NRP1",-0.86528350812446,-3.29918388074844,-2.08223369443645,0.110921475953698,0.282976685903527,0.000278728401751697,1.71180627357379e-06,"DOWN"
"ASB15",0.682913700555718,3.47932164634172,2.08111767344872,0.241005336912728,0.496154983899922,0.0422242772890953,8.7841127170598e-05,"UP"
"ELOVL2",-0.879380029635678,-3.28247986350238,-2.08092994656903,0.131867556700191,0.389171136048215,0.000660894010359847,2.13148035525245e-05,"DOWN"
"CNGA3",1.36278675621633,2.79249263959947,2.0776396979079,0.187154864979068,0.312971426004956,0.000403132579138423,1.37210833876299e-05,"UP"
"TRAF3IP3",-0.77092210557987,-3.38263070755801,-2.07677640656894,0.196853004471203,0.852080520083567,0.0107153219234717,0.00439783668372029,"DOWN"
"NFIB",-0.685308581132873,-3.46620367749585,-2.07575612931436,0.123409063733285,0.245691553187452,0.00177431788950514,4.03041538220292e-07,"DOWN"
"CAPSL",-1.22239326535396,-2.92434488982388,-2.07336907758892,0.221676587246409,0.693641293293629,0.00184347460652877,0.00304756626759781,"DOWN"
"SATB2",0.575459366404025,3.57026183381207,2.07286060010804,0.186071200038217,0.363165325750549,0.0302488584274884,6.57504184804955e-06,"UP"
"F2RL1",-1.25831830690573,-2.87499824304029,-2.06665827497301,0.131526617012144,0.193840386536689,9.32455645072848e-05,2.7957367234546e-07,"DOWN"
"GINS2",2.41324593189794,1.71741046339904,2.06532819764849,0.102608844831601,0.0775496161006311,3.0345352247947e-06,1.44510573240918e-08,"UP"
"VAT1L",0.638755842805108,3.4900151198531,2.0643854813291,0.211437396869663,0.379257939312594,0.0331535310606912,1.08717775316151e-05,"UP"
"LMO7",-1.10325428721687,-3.00853222973836,-2.05589325847761,0.125179498288256,0.0903669455442469,0.000142791581663257,9.42266450886688e-10,"DOWN"
"PRICKLE1",0.477675612626535,3.6278901985681,2.05278290559732,0.129864186038273,0.444405900187071,0.014330180315891,2.74931318131894e-05,"UP"
"ZBTB20",-0.600120545464702,-3.49945299274623,-2.04978676910546,0.140465073511226,0.708588782649032,0.00700411849352429,0.00109782206146031,"DOWN"
"NFKBIE",0.807256356340013,3.28845095545748,2.04785365589875,0.105037663952309,0.342562158927795,0.00029954478094794,7.80334550257951e-06,"UP"
"NMRK2",1.24779382514449,2.8468227638296,2.04730829448704,0.160392718482542,0.138101177090403,0.000282413638337967,2.42675239964798e-08,"UP"
"EMP2",-0.912660643630583,-3.17935015522581,-2.04600539942819,0.078071922038369,0.133762896615294,3.46692472273093e-05,8.68442255574764e-09,"DOWN"
"ETV3L",-0.604558116194485,-3.48121792690098,-2.04288802154773,0.14500380357919,0.509460954684052,0.00789065142243106,0.000106924907661911,"DOWN"
"CLDN10",-1.08791891547974,-2.99313384734705,-2.04052638141339,0.0941486350686094,0.139985892256704,3.6534003951683e-05,1.83647113972622e-08,"DOWN"
"ITIH2",-0.983056971992896,-3.09232022289118,-2.03768859744204,0.0558235033437724,0.069337614560085,7.00866287806006e-06,2.03202587837455e-10,"DOWN"
"ANK3",-0.914866582570086,-3.15692609512847,-2.03589633884928,0.103886443817735,0.210927162687166,0.000143105989878299,2.65687206992733e-07,"DOWN"
"TBX2",-0.659887354251855,-3.40957840597174,-2.0347328801118,0.063374338963167,0.0988207247256229,6.01632338158296e-05,7.89365063500986e-10,"DOWN"
"SYT11",1.18789070138814,2.87410906834908,2.03099988486861,0.137259903103939,0.134432233893018,0.000157178651359149,1.83647113972622e-08,"UP"
"TRIB1",-1.18326347417478,-2.87555564815552,-2.02940956116515,0.0879083408006432,0.150170178709624,1.95510505334065e-05,4.31951912436442e-08,"DOWN"
"MEIS1",0.587484007646409,3.46457490340363,2.02602945552502,0.185588576902758,0.342173142812481,0.027444022210364,5.26911380317032e-06,"UP"
"PPARA",-1.34388220637063,-2.70212293894086,-2.02300257265574,0.111961579935282,0.187533892882219,3.10570251534828e-05,3.44571543095569e-07,"DOWN"
"CREB3L2",-0.487863053334772,-3.54984215527336,-2.01885260430406,0.064599475897922,0.144037286883182,0.000329198819231504,7.00449115949484e-09,"DOWN"
"SLC35F3",1.19263835582192,2.84216670166288,2.0174025287424,0.190009949546225,0.306406205503869,0.000928444552964146,1.02229279246622e-05,"UP"
"KCNG2",1.28656371827599,2.74031046578567,2.01343709203083,0.180556046330887,0.280151236310502,0.000455205580946179,6.8239348007447e-06,"UP"
"KCNK12",1.22979998993191,2.78994683663657,2.00987341328424,0.113201259452553,0.167727975193519,4.95950305295025e-05,1.25594105799459e-07,"UP"
"BDKRB2",-1.28624271290331,-2.72905344242229,-2.0076480776628,0.171509861509411,0.224410734364672,0.000342841835032119,1.24675860295734e-06,"DOWN"
"ADCY1",-0.969166750991426,-3.0339825398021,-2.00157464539677,0.129553091392873,0.241647587129638,0.00034804741512385,9.8924795289623e-07,"DOWN"
"CAMK1D",-0.580375952065632,-3.41888901220303,-1.99963248213433,0.0746882724901993,0.204941405760157,0.000283979272614269,1.23042401054402e-07,"DOWN"
"PCDH1",-0.926625542733061,-3.0710905541816,-1.99885804845733,0.0819310084645076,0.0816129124101143,4.06684530862079e-05,4.48543909540815e-10,"DOWN"
"CDC42EP1",-1.01568913600181,-2.97918182901524,-1.99743548250853,0.100283598688416,0.129034935386006,6.88578174922166e-05,1.06770420807936e-08,"DOWN"
"SERPINF2",-0.967962576708783,-3.02239407183042,-1.9951783242696,0.0770844694589363,0.139106397225257,2.60582605416965e-05,1.64422860050209e-08,"DOWN"
"MPZL3",0.895725347949043,3.09149845109257,1.9936118995208,0.103725158486699,0.423330827411681,0.000158755966456465,6.44065477252622e-05,"UP"
"BAIAP2L2",-0.819937689287647,-3.16706292488937,-1.99350030708851,0.125428356422595,0.316726776530863,0.000738933012831222,5.7949573904079e-06,"DOWN"
"C8B",-0.711046758612629,-3.27328303401064,-1.99216489631163,0.138657268874536,0.543495333207675,0.00275451180012987,0.000274311496788284,"DOWN"
"PLA2R1",-0.898080827366638,-3.07776933879528,-1.98792508308096,0.105674183876669,0.260118205946817,0.000173822174946931,1.52871524113357e-06,"DOWN"
"HOXB5",-0.7023928396569,-3.27266899152457,-1.98753091559074,0.16113953426177,0.314100102782501,0.0063539132641602,4.17408725446359e-06,"DOWN"
"INSC",-0.40570067336364,-3.56712453322478,-1.98641260329421,0.149536764421318,0.485385691803596,0.0495939779824641,6.16854805743781e-05,"DOWN"
"PIGR",-0.740116183817069,-3.23010403799543,-1.98511011090625,0.111704509615342,0.510888254605544,0.00068063918248674,0.000191361968619161,"DOWN"
"TMEM86A",-0.96926241299887,-2.98227270882142,-1.97576756091015,0.248888236751424,0.254095768330898,0.0110029547965256,1.62469422924336e-06,"DOWN"
"TBX3",-1.02133248636163,-2.92668201324228,-1.97400724980195,0.0699177584658961,0.0966813199309022,1.52651745325432e-05,1.69163951078646e-09,"DOWN"
"STRIP2",0.635843660619935,3.31182707640331,1.97383536851162,0.160174797047855,0.273020471482612,0.010059333595608,1.26881794624822e-06,"UP"
"ADD3",-0.776117807348804,-3.16833364153008,-1.97222572443944,0.0778430070163758,0.0588577224506729,7.34190889370761e-05,1.76364503667677e-10,"DOWN"
"CAT",-1.00328720831934,-2.93793876042401,-1.97061298437167,0.0663763047109992,0.0667793409657402,1.25447954187631e-05,2.10918190221506e-10,"DOWN"
"RNF122",0.696472682448281,3.24009865196572,1.968285667207,0.227285300168219,0.412822885947758,0.0313360457668088,3.72182680759428e-05,"UP"
"MYO1B",-0.662326264976864,-3.2632707051828,-1.96279848507983,0.0820034023779931,0.114271276600966,0.000230406913414175,2.29321786017181e-09,"DOWN"
"DAB2",-1.21844688123581,-2.70488095849824,-1.96166391986703,0.112793226129604,0.37037331382742,5.10090168538623e-05,6.44038451703971e-05,"DOWN"
"PLXNB2",-0.924996873711056,-2.99314338397953,-1.95907012884529,0.102613674192274,0.0778489393489719,0.000126167169733232,4.08054707692963e-10,"DOWN"
"DPYS",-0.860232786352078,-3.05369007555393,-1.956961430953,0.0742228820182185,0.0752932987293222,3.61164346207951e-05,3.32163425325196e-10,"DOWN"
"HEYL",3.3141012737448,0.586634137677307,1.95036770571105,0.143315337970723,0.108550724782653,3.0345352247947e-06,0.000594191751578513,"UP"
"GCHFR",-0.598517599405628,-3.30123323672881,-1.94987541806722,0.0884618016178168,0.103204796509431,0.000608773207753776,1.25639693750215e-09,"DOWN"
"FOXL2",1.59305979094398,2.30313761605037,1.94809870349717,0.162157375687219,0.246823750884527,7.99957423717336e-05,9.743624603072e-06,"UP"
"DRD1",-1.09854697270851,-2.78597860632973,-1.94226278951912,0.136545925104766,0.286496738880848,0.000235229050104119,7.11205097906343e-06,"DOWN"
"SETBP1",-0.425908924088671,-3.44009317217351,-1.93300104813109,0.144043222994332,0.358485856172649,0.03611063195188,7.8213241332625e-06,"DOWN"
"CNTNAP5",-1.03137131325062,-2.82669040260975,-1.92903085793019,0.111232367250313,0.190525982076071,0.000108182826879874,2.7957367234546e-07,"DOWN"
"PTCHD1",0.745963799591331,3.10777361021357,1.92686870490245,0.150529968704131,0.241813105729209,0.00331111930647853,8.32481474557756e-07,"UP"
"CALR3",1.5169528544203,2.31767105237421,1.91731195339725,0.17734339157889,0.354605302822256,0.000168004905459701,0.000149444686096313,"UP"
"TFCP2L1",-0.735820627710801,-3.09174459858304,-1.91378261314692,0.0589572565105231,0.141311685538127,2.68485778314999e-05,1.58438321196314e-08,"DOWN"
"HAAO",-0.975618505261455,-2.83844128982855,-1.907029897545,0.291962888452156,0.418932628329168,0.0219865917919971,0.000114072571441339,"DOWN"
"CAPN6",-0.942372316852643,-2.86402033941041,-1.90319632813153,0.139559433175789,0.426970054143526,0.00061533381688337,0.000122908189884995,"DOWN"
"ATP1B1",-0.763340301819172,-3.04109687288641,-1.90221858735279,0.0578630198016501,0.079277831626832,2.17863718506431e-05,4.08054707692963e-10,"DOWN"
"NR5A2",-0.599739840358477,-3.20225705829674,-1.90099844932761,0.176713479955954,0.0952476781487738,0.0206159953687516,9.17999381462001e-10,"DOWN"
"PLK3",1.44954818857095,2.35220729538579,1.90087774197837,0.154438947866382,0.0848624211486363,0.000101563749785488,2.91103186819068e-09,"UP"
"TSHZ2",-0.680160781856847,-3.12020770726739,-1.90018424456212,0.0900190502998879,0.130105675878684,0.000328691729475077,8.28386053002007e-09,"DOWN"
"ALAS1",-0.786139926148572,-3.01261322748594,-1.89937657681726,0.0867122664813016,0.0622520798708601,0.000122795147857032,1.76364503667677e-10,"DOWN"
"SLC25A29",-1.35558623453591,-2.4376427569472,-1.89661449574156,0.19982761096507,0.260346317352012,0.000600249906698026,9.47039684904343e-06,"DOWN"
"CTSO",-0.84713202518214,-2.94049913443901,-1.89381557981057,0.131128988290247,0.138590793424071,0.000794164931897338,1.94728570430088e-08,"DOWN"
"FGD4",-1.04513866396497,-2.73978549497164,-1.8924620794683,0.220750160998261,0.693763644542372,0.00420666949985542,0.00453423646452012,"DOWN"
"TIMP3",-0.923225690034503,-2.86019809382234,-1.89171189192842,0.0779412847531968,0.0991460591037766,3.26699190979576e-05,2.19900559051289e-09,"DOWN"
"MTTPL",-0.714282850351771,-3.05972736237768,-1.88700510636473,0.166009898472255,0.597224474262934,0.00675611534593183,0.000859277423459083,"DOWN"
"SLC2A9",-0.617243991040015,-3.15374482864425,-1.88549440984213,0.0849256416713185,0.205593644604726,0.000406528954427347,2.21604754763719e-07,"DOWN"
"SLC16A12",-0.7267164430625,-3.03115291036872,-1.87893467671561,0.135310270516819,0.810963674947989,0.00213224330324777,0.00623943309169797,"DOWN"
"FJX1",1.22756570420604,2.52999372207623,1.87877971314114,0.110955238017227,0.237198987714656,4.50544774448013e-05,3.4627179161564e-06,"UP"
"ST6GAL2",0.983795902700925,2.77333656440325,1.87856623355209,0.170341420676244,0.213687155965364,0.00145310573757678,7.74121680831038e-07,"UP"
"CCNO",1.86402446193553,1.88809323534739,1.87605884864146,0.142626928100753,0.131124974009374,2.26222898622036e-05,3.46199980782956e-07,"UP"
"NCALD",-0.837319834597117,-2.9088242480556,-1.87307204132636,0.0697491250805662,0.104233923745338,3.10570251534828e-05,2.7385789902947e-09,"DOWN"
"SLC24A3",0.636772966898514,3.10574973003205,1.87126134846528,0.156638150971422,0.251568505093788,0.00893728854621228,1.11850729673492e-06,"UP"
"OTOP3",-0.953152924405192,-2.78911093655408,-1.87113193047963,0.139764609404562,0.326186101746745,0.000579520457677943,1.91091366924024e-05,"DOWN"
"CHST11",1.20633824195818,2.53413186392714,1.87023505294266,0.171879340069928,0.291997130117453,0.000492224507708486,1.70351604907235e-05,"UP"
"HOXD13",0.44392648249381,3.29594605757289,1.86993627003335,0.139673691968921,0.419033535214587,0.026946926596368,3.66042064427932e-05,"UP"
"RGS9BP",0.909782708757959,2.82920722098487,1.86949496487141,0.176194032948935,0.102151131941859,0.0026473330438977,2.91441111625736e-09,"UP"
"TPBG",0.580253449596515,3.15090497597952,1.86557921278802,0.0816940877643136,0.24397626132829,0.000462589389254528,8.04432003767585e-07,"UP"
"GRIP1",0.862245297905369,2.86862262782924,1.86543396286731,0.204329592492328,0.275010866443458,0.00744164504461891,4.13695277678363e-06,"UP"
"DCX",-1.19080117349177,-2.53727860351379,-1.86403988850278,0.163111251702966,0.333643137221016,0.000398307389487372,4.75142873179469e-05,"DOWN"
"ARL4C",0.836722615738251,2.88567361375492,1.86119811474658,0.151595822360343,0.136565929922657,0.00183670948776677,2.00950365211175e-08,"UP"
"PHOSPHO1",-0.490678302282211,-3.22775637693574,-1.85921733960898,0.0777467775647291,0.134317611214182,0.000902625011747144,8.18802945466026e-09,"DOWN"
"KRT18",-0.831578400225549,-2.88474178600699,-1.85816009311627,0.090929614935491,0.0785278506891607,0.000116239199052755,5.35607522459618e-10,"DOWN"
"RHOC",-0.929460173696067,-2.77667683106444,-1.85306850238025,0.0963068411290543,0.179924814723244,8.90292691592934e-05,2.12733557772279e-07,"DOWN"
"MASP1",-0.894196531346017,-2.81075520026559,-1.8524758658058,0.15666014388574,0.16667948145636,0.00154638769706921,1.14400123626201e-07,"DOWN"
"STYK1",-0.607935582302061,-3.0960050331606,-1.85197030773133,0.142125919410691,0.31740873219202,0.00696064412919176,6.97011483043421e-06,"DOWN"
"GDF11",0.907953809086219,2.79370111366204,1.85082746137413,0.127132787534341,0.290392206450845,0.000448913201426821,7.68800008481927e-06,"UP"
"PLEKHG1",-1.0027614265685,-2.69847836990678,-1.85061989823764,0.0887582044384751,0.154209515254187,4.08141852534041e-05,8.77523207648785e-08,"DOWN"
"CAPN5",-0.700850052842537,-2.99643413452074,-1.84864209368164,0.106949499602593,0.262987997268206,0.00072777496400295,2.04523266216147e-06,"DOWN"
"SLC2A5",-0.622965343938523,-3.07350640762487,-1.8482358757817,0.0975801604327888,0.246556591400823,0.000847884967234022,1.03899488380664e-06,"DOWN"
"SCN8A",-0.46806121621606,-3.21639336584306,-1.84222729102956,0.162204736736645,0.354031541391502,0.0395707160056453,1.19197496147894e-05,"DOWN"
"MAD2L1BP",1.58199509508989,2.10183509879165,1.84191509694077,0.110554595646319,0.0762067360567352,1.63390990514674e-05,2.98078914420924e-09,"UP"
"CALN1",-0.897407532207672,-2.78598089361884,-1.84169421291326,0.124442000726742,0.258280583321805,0.000424703987163072,3.16686786128366e-06,"DOWN"
"CCNE2",1.4389671461061,2.23822664814277,1.83859689712444,0.0933963678251777,0.0559515116285409,1.19715990401423e-05,3.47190782082213e-10,"UP"
"CORO2A",-0.690900765921098,-2.9861316169757,-1.8385161914484,0.103741840567118,0.303051216413526,0.000663993380092046,6.47254753926072e-06,"DOWN"
"MNX1",0.716560298225068,2.96008773118306,1.83832401470407,0.0916080165079744,0.173317414357505,0.000273798121071697,1.02952040053485e-07,"UP"
"NKX6-2",1.53087324223999,2.14437292915815,1.83762308569907,0.153577223501431,0.132213899234018,7.34190889370761e-05,1.5012701479672e-07,"UP"
"ELAVL4",0.586013648420962,3.08820432326004,1.8371089858405,0.154082598264573,0.280031366044658,0.0122785367686628,2.64332970121051e-06,"UP"
"LIN28B",1.09148918116149,2.5808213268415,1.83615525400149,0.177691594331325,0.293133652840122,0.00104131699973562,1.52671970615551e-05,"UP"
"SYT2",0.630886289183927,3.03907774551702,1.83498201735048,0.143308451955069,0.459639530860754,0.00604527568368064,0.000137102413316316,"UP"
"PLPP1",-0.94095644410283,-2.72543636141536,-1.8331964027591,0.0755004672185686,0.117505235268443,2.68649471936661e-05,1.02956151355814e-08,"DOWN"
"SLC5A9",-0.815040269853638,-2.85105415532548,-1.83304721258956,0.182160011907569,0.882622877161924,0.00558058030840636,0.0136919369234327,"DOWN"
"NEU2",-0.954697974442848,-2.70245349287257,-1.82857573365771,0.128079457977266,0.529468220202141,0.000355752561654624,0.000881947258820309,"DOWN"
"NMB",0.81929523109914,2.83044936973571,1.82487230041742,0.187033762361403,0.323979801463608,0.00619340410678668,1.61748129998973e-05,"UP"
"DHRS3",-0.684229948154073,-2.95407808962983,-1.81915401889195,0.068569303614316,0.0763566616373136,7.34190889370761e-05,4.08054707692963e-10,"DOWN"
"GRK5",-0.894877228582653,-2.73907851877004,-1.81697787367635,0.108968397145098,0.129871879175666,0.000212145659183083,2.03576856053305e-08,"DOWN"
"PENK",1.72851638914525,1.89072242133471,1.80961940523998,0.181689139588094,0.205506922635498,9.47529877704976e-05,1.08826599253042e-05,"UP"
"ST8SIA6",1.50208778790429,2.11587335114512,1.8089805695247,0.142148607755414,0.470353801346473,5.69706786739499e-05,0.00201855748566642,"UP"
"BAG3",0.273065104737502,3.33738877244862,1.80522693859306,0.0984058495594794,0.0715256554063505,0.0456907781162817,1.76364503667677e-10,"UP"
"BTG1",-0.852289157576511,-2.75221621307819,-1.80225268532735,0.0772580208756803,0.0636827025811707,4.52623266823732e-05,2.39898277873866e-10,"DOWN"
"COLEC12",0.535868168535629,3.06105736582708,1.79846276718135,0.153907957202446,0.261741908521517,0.0184348536004918,1.67095269115602e-06,"UP"
"SH3BP2",-1.31138895225341,-2.28092187715221,-1.79615541470281,0.124475688079362,0.17847914498213,5.78237772973426e-05,8.69524447963974e-07,"DOWN"
"NXNL2",0.800041220400412,2.77770063330177,1.78887092685109,0.229967036635749,0.330108345541911,0.0184723058696754,2.16839450692319e-05,"UP"
"HGFAC",-0.850684859426573,-2.72242382037728,-1.78655433990193,0.0730467411106478,0.193113768909968,3.54999749363641e-05,4.04786305818745e-07,"DOWN"
"gga-mir-6652",-1.14062248638955,-2.4154591387287,-1.77804081255913,0.151293077286277,0.940978362585121,0.000332675488825571,0.038799430678239,"DOWN"
"TCTE1",0.543072533717526,3.00157710824681,1.77232482098217,0.176388121426099,0.439899530347721,0.0308202590631123,0.000108148072128515,"UP"
"TRIM29",-0.425930989084261,-3.11454593459569,-1.77023846183997,0.109782352171291,0.146107930455013,0.0111942301038246,1.88401832623724e-08,"DOWN"
"JPH1",-0.712990815197047,-2.82618447321882,-1.76958764420793,0.069921217667184,0.0799047656791354,6.74378583795941e-05,7.10405219241702e-10,"DOWN"
"SLC51A",-0.539091775757493,-2.99689646171092,-1.76799411873421,0.1386094871835,0.242347221748589,0.0110568071921428,1.10781892148774e-06,"DOWN"
"LINGO1",0.688050652596387,2.84744076052372,1.76774570656006,0.160240939158586,0.208019530388941,0.00683005662224842,5.08858101838593e-07,"UP"
"DUSP4",1.53768885244372,1.99771848292302,1.76770366768337,0.105801510743357,0.107063832161875,1.52651745325432e-05,5.2634504051039e-08,"UP"
"GPR157",-1.02743215256357,-2.50690311578187,-1.76716763417272,0.17941375750942,0.199967211173323,0.00151978317645916,9.99657478201577e-07,"DOWN"
"SULT1C3",-0.929394354298809,-2.6010935476578,-1.76524395097831,0.137846434945148,0.0969495334673093,0.000620338324825982,3.65779869817851e-09,"DOWN"
"SLC41A3",-0.682830607825634,-2.83724577964366,-1.76003819373464,0.117516419822011,0.290542061194707,0.00140325865728738,6.91623844509122e-06,"DOWN"
"IL2RB",-0.45840409118646,-3.05520384459542,-1.75680396789094,0.141748899862091,0.346310826530509,0.0250990640027281,1.50247126587588e-05,"DOWN"
"TESK1",0.601565581929925,2.90222266920992,1.75189412556992,0.212205377354456,0.21098671944318,0.0421521146104314,4.9024623955517e-07,"UP"
"ASPHD2",0.500560848213466,3.00151278460587,1.75103681640967,0.172611825866192,0.406624862611687,0.038883106492916,5.9718604461851e-05,"UP"
"ABLIM1",-0.383518382079707,-3.11484147982779,-1.74917993095375,0.0855003310156082,0.423175849270738,0.00551611860732662,6.0945156861831e-05,"DOWN"
"TRIM25",-0.599910397734175,-2.89764901060739,-1.74877970417078,0.0959442085164802,0.152739123664006,0.000946766479213243,4.61207666048688e-08,"DOWN"
"PGBD5",0.70959280850443,2.77759395386013,1.74359338118228,0.143777549055797,0.481443966188913,0.00338233057996895,0.000375268129605064,"UP"
"GC",-0.789641517036017,-2.694205914052,-1.74192371554401,0.0920198424461206,0.106046916610002,0.000165487149583027,5.62157738110994e-09,"DOWN"
"ATIC",-0.930716012670105,-2.54174461887914,-1.73623031577462,0.0798440335902313,0.0543653011348228,3.53686478849176e-05,1.76364503667677e-10,"DOWN"
"RGS14",0.714778691404366,2.75738925186508,1.73608397163472,0.202563032693767,0.293365707705483,0.0173346500840261,9.19533296367241e-06,"UP"
"TRIM2",-1.17180592482528,-2.29404147586762,-1.73292370034645,0.148070604930591,0.316627426342432,0.000257090405072882,6.83159297845907e-05,"DOWN"
"PIK3C2G",-0.802143791028048,-2.66260753053706,-1.73237566078256,0.147792059772036,0.218073948078388,0.00201887742661221,1.21248726763304e-06,"DOWN"
"CRYBA2",-0.690814674506719,-2.77231844541261,-1.73156655995966,0.214994664803035,0.446634907194527,0.025797385324271,0.000219528102392269,"DOWN"
"GPR12",1.01899889242684,2.44118591312563,1.73009240277624,0.249988284739728,0.179681893424123,0.00881180759669818,5.39068320964383e-07,"UP"
"JAM2",0.391742866363283,3.06646883971608,1.72910585303968,0.124771840780296,0.270802850129903,0.0284391080591981,2.14859513027979e-06,"UP"
"ODF2L",-1.31758679386286,-2.13758429600536,-1.72758554493411,0.207537376521001,0.336331769906016,0.000875767731475526,0.000184004826501776,"DOWN"
"AGTPBP1",0.818652088138815,2.63591980738836,1.72728594776359,0.141882031521248,0.424247647201577,0.00146127249592866,0.000217853082731498,"UP"
"DCLRE1B",1.31510158670626,2.12884645425431,1.72197402048029,0.102906463939086,0.150872185428188,2.48576407851542e-05,4.03041538220292e-07,"UP"
"PCMTD1",-1.21867821315146,-2.21727530470328,-1.71797675892737,0.134826601525412,0.221418279540466,0.000124725834253088,5.7252165952408e-06,"DOWN"
"FBXO43",0.874323061625341,2.56087787584186,1.7176004687336,0.170760602693759,0.517804339894374,0.00277965876961867,0.00108778701172603,"UP"
"CPEB4",-0.455471731892366,-2.972673538042,-1.71407263496718,0.118599552099428,0.300750238250303,0.0117373139804523,6.32193196083584e-06,"DOWN"
"MTHFD2",2.52842292220849,0.897442215386555,1.71293256879752,0.122442942939121,0.0712558736598055,4.44726873933614e-06,9.6530149047271e-07,"UP"
"CLDN1",-0.707380392945153,-2.70849319844682,-1.70793679569599,0.0818587485894749,0.102740183340913,0.000158755966456465,4.14407688531902e-09,"DOWN"
"CPQ",-0.639047545603938,-2.77616605978182,-1.70760680269288,0.200652723382775,0.828693032047355,0.0267114198893973,0.0113584724316105,"DOWN"
"MGLL",-0.496481871885204,-2.91498920692167,-1.70573553940344,0.127079538619424,0.129437314792544,0.0108294944350705,1.291068704451e-08,"DOWN"
"TM4SF4",-0.999866045193905,-2.40863495555041,-1.70425050037216,0.100082648501821,0.107564658703618,7.30962769450471e-05,1.35726054096266e-08,"DOWN"
"DSG2",-0.602542501820327,-2.80402125924778,-1.70328188053405,0.0663120374050874,0.0802572477306299,0.000121214194543533,7.74482898090487e-10,"DOWN"
"DONSON",1.75359679420459,1.64874146766675,1.70116913093567,0.12596348766502,0.105077563648602,1.78697535834593e-05,1.90009862644784e-07,"UP"
"ABHD6",-0.460660845146624,-2.94051715609606,-1.70058900062134,0.129425706204021,0.298205755271274,0.0166617011724347,6.43846479498453e-06,"DOWN"
"CXCL14",-0.610186096516575,-2.78548341959766,-1.69783475805712,0.114435342586798,0.362110998653005,0.00222442716038553,4.35409090617167e-05,"DOWN"
"GYPC",-1.05796918724282,-2.32719926348303,-1.69258422536293,0.137438527918384,0.400447141768049,0.000297033134591548,0.000356593003250941,"DOWN"
"SEMA5B",-0.617373678760951,-2.76183527137366,-1.68960447506731,0.0994650196986298,0.207913175556927,0.000983005780834839,6.4597079085157e-07,"DOWN"
"RHOF",1.18294088400595,2.1955860476251,1.68926346581553,0.133849945628658,0.177694381614882,0.000141068202557449,1.1127565406059e-06,"UP"
"NEDD9",-0.599258794966025,-2.77625335709155,-1.68775607602879,0.0640783596366215,0.0924267428561679,0.000103606779827285,1.74654488994595e-09,"DOWN"
"PDE1A",-1.08515962576276,-2.29016021771536,-1.68765992173906,0.120093180195102,0.257524114746854,0.000124826952939996,1.40895827523432e-05,"DOWN"
"DCT",-0.5872787257162,-2.78672114803726,-1.68699993687673,0.126612889065298,0.338982700940674,0.00466645308718768,2.60246466205726e-05,"DOWN"
"SLC37A4",-0.387535098176088,-2.98403937434604,-1.68578723626106,0.067438561127532,0.0883779907518151,0.00149350804897762,8.92427563005282e-10,"DOWN"
"PPP2R2B",1.15294963304623,2.21841868888284,1.68568416096453,0.148510450587474,0.170419243714581,0.000285391880170174,7.54049569787485e-07,"UP"
"EIF2AK3",-1.00254028410603,-2.36488933956089,-1.68371481183346,0.105367096820283,0.114030420779706,9.47529877704976e-05,2.31556857751122e-08,"DOWN"
"EML4",-0.718949762655853,-2.64599450641265,-1.68247213453425,0.0906337773954946,0.073753069747502,0.000253597495347567,6.39712236840798e-10,"DOWN"
"SLC4A4",-0.838845043213677,-2.51479111974454,-1.67681808147911,0.0796645218688218,0.131511808806426,5.78237772973426e-05,4.35988967171451e-08,"DOWN"
"E2F7",2.42230186096828,0.925742918744173,1.67402238985622,0.0930537715894189,0.117994069762051,3.0345352247947e-06,3.72875560012717e-05,"UP"
"TNFRSF19",-0.984637715660916,-2.35818007116574,-1.67140889341333,0.109034310933765,0.105400050479766,0.000124996761055878,1.35821188911303e-08,"DOWN"
"TAF4B",2.7839660183282,0.557553418763479,1.67075971854584,0.11818915351276,0.0640910095303769,3.0345352247947e-06,1.67018589360425e-05,"UP"
"PRELID3A",1.94676599622897,1.39366094723771,1.67021347173334,0.0856374629077522,0.0742012982794063,3.08936455409815e-06,5.0174142190519e-08,"UP"
"TMEM268",-0.621611093301594,-2.70995128374102,-1.66578118852131,0.114051774402027,0.193821777241263,0.00197183947834281,4.30346920088346e-07,"DOWN"
"FMO3",-0.719082657553468,-2.61150828652445,-1.66529547203896,0.0821195819582295,0.0588157616370288,0.000146398681597149,2.03202587837455e-10,"DOWN"
"NT5C1A",0.449306832409708,2.87442307948757,1.66186495594864,0.145902336844405,0.496172722372033,0.030804847474729,0.000364582374851453,"UP"
"ZNF462",-0.98563581449165,-2.33535566779257,-1.66049574114211,0.128373961049837,0.151740873441963,0.000300718050892612,2.16295784863272e-07,"DOWN"
"ENDOD1",0.858396471215612,2.4513359972145,1.65486623421506,0.198141704858162,0.257994062027985,0.00654398425001804,8.41463853082425e-06,"UP"
"P3H2",0.471165688108725,2.83050989504977,1.65083779157925,0.159828270883781,0.600499895568926,0.0365172117828062,0.00149190218326099,"UP"
"IDH1",-0.625762646098524,-2.67518610158264,-1.65047437384058,0.185983921387141,0.0672951403583574,0.0213712187209049,3.57882331238973e-10,"DOWN"
"PIT54",-0.761415227555768,-2.5390769481799,-1.65024608786783,0.103469108046487,0.182741239318725,0.000381388700516048,4.52966440373972e-07,"DOWN"
"IQSEC3",1.15372537875184,2.14538897896954,1.64955717886069,0.190182818591788,0.248823485042393,0.00111003118763223,1.79142304454175e-05,"UP"
"NCS1",2.19959303396793,1.09352698856907,1.6465600112685,0.1060839987724,0.17058620891141,4.44726873933614e-06,0.000172655645501551,"UP"
"WDR72",-1.03909228727209,-2.25045565067026,-1.64477396897117,0.178456522210234,0.89790002496993,0.00138660861102419,0.0427080935456911,"DOWN"
"MTSS1",-0.637549285814082,-2.65097637276914,-1.64426282929161,0.0580741772964771,0.0914344444462871,4.64783509061009e-05,2.14577296291816e-09,"DOWN"
"GPA33",-0.960135569121586,-2.32738627439223,-1.64376092175691,0.134278825583959,0.505589542694881,0.000445293444849067,0.00174449641332711,"DOWN"
"GPR75",1.65407273973606,1.62430302349445,1.63918788161526,0.163967967103232,0.139021218460957,7.02975313991577e-05,1.68512633032544e-06,"UP"
"CNOT6",-0.778789430159337,-2.49467187751216,-1.63673065383575,0.0867781121770939,0.0650384073593322,0.00012855247181803,4.08054707692963e-10,"DOWN"
"FZD3",-0.818863117338972,-2.45211910299663,-1.6354911101678,0.105243895820304,0.0809707048825918,0.000282413638337967,1.69163951078646e-09,"DOWN"
"TBL1XR1",-0.860068011552316,-2.40462940674331,-1.63234870914781,0.124625822846052,0.0721512519137642,0.000541502708710942,9.42266450886688e-10,"DOWN"
"RASGEF1A",-0.560421858999474,-2.69671538184528,-1.62856862042238,0.116486681068125,0.116351020912151,0.00386490062346353,1.03306139932758e-08,"DOWN"
"TMEM123",-0.795740161215734,-2.45129171652431,-1.62351593887002,0.057637484042936,0.0520420461051341,1.80714505031088e-05,1.76364503667677e-10,"DOWN"
"SLC9A7",1.44275204680644,1.7961360068397,1.61944402682307,0.144855856187943,0.197528965194677,7.37275244527386e-05,1.18507154300389e-05,"UP"
"MMP23B",-1.26275130277222,-1.97360442908929,-1.61817786593075,0.146943934427627,0.110513370838218,0.000164264509234993,7.45157379353542e-08,"DOWN"
"NKD1",-0.490050980633555,-2.73940876818962,-1.61472987441159,0.0970468100264298,0.123003117624157,0.00299951522763018,1.39401079051493e-08,"DOWN"
"CHL1",-0.468524218007843,-2.76028455028522,-1.61440438414653,0.142103356419256,0.947689721805479,0.0232801474764739,0.0225031426323124,"DOWN"
"TRHDE",-1.17227970944619,-2.05002565338878,-1.61115268141749,0.117180131463977,0.167137441345346,7.26178582995299e-05,1.17370733147681e-06,"DOWN"
"MFSD4A",-0.597635553319563,-2.62361702031115,-1.61062628681536,0.143708909011996,0.469307568642447,0.00799997892328539,0.000468973504712512,"DOWN"
"FAM107A",-0.873435511383446,-2.34467521387785,-1.60905536263065,0.108610337365704,0.194059771463037,0.00023569996286224,1.31356430160813e-06,"DOWN"
"HAO1",-1.16204549098567,-2.04633522008049,-1.60419035553308,0.106158443612877,0.217152929361638,4.73120937954153e-05,8.98969603434654e-06,"DOWN"
"PIM1",0.929392674073922,2.27248078407527,1.60093672907459,0.103682667734015,0.138940204257992,0.00012934641269573,1.42426207459328e-07,"UP"
"ENOX1",-0.54067013301257,-2.65749516883896,-1.59908265092577,0.116561588314221,0.181028134045121,0.00466645308718768,3.02332645968466e-07,"DOWN"
"PPP1R3B",-1.16942716277408,-2.02806910817194,-1.59874813547301,0.10602903231101,0.111538393736365,4.52623266823732e-05,6.37902174004074e-08,"DOWN"
"GLUL",-1.19725087284704,-1.99756229186872,-1.59740658235788,0.0993887555770586,0.126369379428569,3.08083468616702e-05,1.81960277124794e-07,"DOWN"
"OAF",-0.779910895667427,-2.41445874640641,-1.59718482103692,0.092166623036629,0.0668121839883012,0.000178914283089684,6.06505795775299e-10,"DOWN"
"F2",-0.582284346797394,-2.6115672605877,-1.59692580369255,0.0546468905629773,0.0827494021024122,5.52432775629603e-05,1.29395237415503e-09,"DOWN"
"RPIA",-0.723774120562722,-2.46747307326972,-1.59562359691622,0.0612908219069685,0.118189384910588,3.30864699911933e-05,2.20971573019155e-08,"DOWN"
"RHPN1",-0.959879431266693,-2.2305968060672,-1.59523811866695,0.0894023267113811,0.128640769745614,5.2847911467122e-05,9.30327407670902e-08,"DOWN"
"CSPG5",0.74337251301954,2.44041693141763,1.59189472221858,0.138292274940142,0.27798266965109,0.00212651177098246,1.5612841986634e-05,"UP"
"TMEM51",-0.802680243981875,-2.38083705268586,-1.59175864833387,0.10299028283881,0.449349080698371,0.00028041354609565,0.000681590260026107,"DOWN"
"GPR137B",-0.794237371560421,-2.38665323796109,-1.59044530476076,0.100397082093103,0.239413176103139,0.000257509345736823,5.93195698138024e-06,"DOWN"
"PXDN",-0.710508822300048,-2.46862153872315,-1.5895651805116,0.10955834894968,0.201545835118561,0.000777529233876656,1.18499957692852e-06,"DOWN"
"OLFM3",-0.44275403464418,-2.73242551965434,-1.58758977714926,0.0604088986026975,0.0946849239199219,0.000390304305469902,2.19900559051289e-09,"DOWN"
"RASGRP3",-0.564261126793833,-2.61064043406315,-1.58745078042849,0.164961661371529,0.178523580229428,0.0199440491584971,3.12225940488994e-07,"DOWN"
"BDH2",-0.897812659814686,-2.2761910445394,-1.58700185217704,0.0706402903537095,0.0917052665373186,2.50649630409687e-05,6.72406568968896e-09,"DOWN"
"LRIG3",0.534941522888792,2.63779336296291,1.58636744292585,0.148468614429093,0.2372355194959,0.0157837309529907,2.48489672828033e-06,"UP"
"CLGN",0.980203071192407,2.19170179506646,1.58595243312943,0.178406691343451,0.137090547746256,0.00188428972882774,1.67872804487779e-07,"UP"
"B3GAT2",0.557086083593982,2.61289048386662,1.5849882837303,0.157941317700236,0.683868864985476,0.0173644242334037,0.00549385010269578,"UP"
"DOCK9",-0.780553742879301,-2.38930927153389,-1.58493150720659,0.182699859290348,0.115907730437013,0.00700411849352429,2.42675239964798e-08,"DOWN"
"PSAT1",-0.47493860907859,-2.69476835679754,-1.58485348293806,0.0597933351274256,0.0667229547347928,0.000252210558881338,3.32163425325196e-10,"DOWN"
"DYNC1I1",-0.656190361047746,-2.51326242651928,-1.58472639378351,0.0786430853402862,0.0976499152814458,0.000193353085239891,5.02618041876745e-09,"DOWN"
"TOM1L2",-0.530546259043518,-2.63058614365452,-1.58056620134902,0.0859974303786872,0.0711017044634713,0.00101567239186499,5.21149821673183e-10,"DOWN"
"TSPAN12",-0.88076292186468,-2.27755436704294,-1.57915864445381,0.0827426391347198,0.0940484350722463,5.52534022676979e-05,7.80536158028066e-09,"DOWN"
"FAXC",1.59614288156276,1.55780573322307,1.57697430739291,0.139411299161251,0.180613538975881,3.81073452586067e-05,1.78659922869768e-05,"UP"
"PIM3",-0.714026742698208,-2.43865414235174,-1.57634044252497,0.0791296724490412,0.0923551468818255,0.000125348106719462,4.11786045980685e-09,"DOWN"
"CDK18",-0.4704451449811,-2.6790177914664,-1.57473146822375,0.0871994579746279,0.225540962985186,0.00208300239130455,1.48431676689375e-06,"DOWN"
"SFRP4",1.02848504472146,2.119588005864,1.57403652529273,0.18857100699541,0.234882636609602,0.00196768311991079,1.25642449288779e-05,"UP"
"MAEL",-0.967053199356051,-2.17678805946319,-1.57192062940962,0.216321252912919,0.317438590114713,0.00559970246072902,0.00010412823491378,"DOWN"
"PLA2G12B",-0.346692329542927,-2.79232034815886,-1.56950633885089,0.0836039785987684,0.127599614629059,0.00810720832985239,1.58438321196314e-08,"DOWN"
"SEPT5",2.15890484688469,0.979373826302836,1.56913933659376,0.124283709468135,0.050836569801773,7.15194326287285e-06,4.10320541503252e-08,"UP"
"RFTN1",1.19828357377527,1.93884020056055,1.56856188716791,0.114986669438292,0.0895618144082797,6.01632338158296e-05,1.67915731805323e-08,"UP"
"C5",-1.22786210336065,-1.90812116375487,-1.56799163355776,0.140209216208635,0.0898417800713264,0.000146398681597149,1.93730106366823e-08,"DOWN"
"F5",-1.19383536396318,-1.94171115386846,-1.56777325891582,0.156365198430575,0.105315816373146,0.000308961944547112,5.7672989551245e-08,"DOWN"
"IGFBP2",1.16012232727087,1.97346299413099,1.56679266070093,0.115609074675373,0.211511941706127,7.14744329716245e-05,9.74701071563849e-06,"UP"
"INSIG1",-0.797401347829583,-2.33521317816173,-1.56630726299566,0.0608037528514727,0.0579258514292554,2.2338325994285e-05,3.32163425325196e-10,"DOWN"
"MYO6",-0.591865935077688,-2.53311263755899,-1.56248928631834,0.0798083873401874,0.190726746402082,0.000367064231767856,6.4597079085157e-07,"DOWN"
"MYOM1",-0.784255561042482,-2.33924551108128,-1.56175053606188,0.192232583301529,0.172777118934972,0.00877860101919159,5.54130814943599e-07,"DOWN"
"CDO1",-0.815364503384765,-2.30447522670225,-1.55991986504351,0.0955502927403569,0.165283683624837,0.000169974732745032,4.40953393341001e-07,"DOWN"
"FFAR4",-1.52318494361209,-1.59641101407009,-1.55979797884109,0.171165947814846,0.266618317868524,0.000135376860402191,0.000286341211943851,"DOWN"
"GUCA1A",-0.771298847941888,-2.34823215934264,-1.55976550364226,0.13405456354526,0.311638084519286,0.0014839543253446,5.10059388408979e-05,"DOWN"
"FAM110C",-1.00652709693411,-2.11242758285794,-1.55947733989603,0.0930719460015462,0.270722269891471,5.08620757481535e-05,3.89907406227585e-05,"DOWN"
"TCFL5",1.33631605872287,1.78200425514171,1.55916015693229,0.130261880187179,0.1442501648372,6.50147746222186e-05,1.1127565406059e-06,"UP"
"SLC38A11",1.25130663429298,1.86694812021548,1.55912737725423,0.143799908835615,0.547543101152508,0.00015229040249962,0.0103444417046782,"UP"
"PPL",-0.608875179555045,-2.50750538774466,-1.55819028364985,0.0831966153036603,0.258881697352149,0.00039205404078566,7.30819452159423e-06,"DOWN"
"RBM38",1.10412022224464,2.01167835582434,1.55789928903449,0.0885558620241226,0.0679089430311925,2.68649471936661e-05,1.92324588264095e-09,"UP"
"ADAMTS20",1.10602711212938,2.00749938841078,1.55676325027008,0.191210670860682,0.191569363229133,0.00143974131870037,3.9875895269119e-06,"UP"
"SHISA2",1.28356251139726,1.82864195221232,1.55610223180479,0.0713506566083432,0.0772184404877686,6.39617275224322e-06,8.86304502934312e-09,"UP"
"CMTM8",-0.621774110695888,-2.4882578624402,-1.55501598656804,0.0695200357835978,0.122122572979149,0.00013150104681174,2.63544701814215e-08,"DOWN"
"ADGRG1",0.623896936380804,2.48530145899312,1.55459919768696,0.1557744610198,0.387895672131783,0.00964120379205093,0.000173253422815946,"UP"
"CLIP2",0.71309869114523,2.39110300430149,1.55210084772336,0.168484333007878,0.207627192577077,0.00733676225122443,1.8933266449083e-06,"UP"
"gga-mir-6583",-0.662478554237015,-2.44142568305286,-1.55195211864494,0.170922569305056,0.933946947558238,0.0112406048566367,0.0360524037694515,"DOWN"
"RIPK2",0.543164334518765,2.55887805535987,1.55102119493932,0.143884883411549,0.277990673883602,0.0126779489290311,1.08475328957365e-05,"UP"
"DIO2",-0.855660769262241,-2.24061910780466,-1.54813993853345,0.115656001573253,0.0681712840394178,0.000371981986361499,1.04461605563447e-09,"DOWN"
"HOXB6",-0.692628983488354,-2.40251214983106,-1.54757056665971,0.0778090752764519,0.083499225450002,0.000135265487125484,2.19900559051289e-09,"DOWN"
"CYB5A",-0.56886349965125,-2.52626781994089,-1.54756565979607,0.0673919683296907,0.0619097814264525,0.0001811527226267,3.32163425325196e-10,"DOWN"
"ACSL4",-0.375249064517472,-2.71147485208377,-1.54336195830062,0.0903553488353935,0.123358916945477,0.00804835195304596,1.53777162629306e-08,"DOWN"
"ACOX1",-0.72319829121373,-2.35890971925551,-1.54105400523462,0.0567885879120935,0.0979275563170586,2.50649630409687e-05,8.06411548731392e-09,"DOWN"
"FAH",-0.602246906804924,-2.47321011230236,-1.53772850955364,0.0792806075969649,0.0940896275952314,0.000318279046069418,4.20690852306831e-09,"DOWN"
"TFPI2",0.287238645865528,2.78658628537373,1.53691246561963,0.0769447717035078,0.192069298855969,0.0133367381114672,3.30437007027176e-07,"UP"
"CARD10",-0.838800545423436,-2.23168120903402,-1.53524087722873,0.118999251682361,0.29493323386144,0.000483180490761028,4.94382642927587e-05,"DOWN"
"DNER",1.18853494942065,1.88183029010476,1.53518261976271,0.193106425899318,0.415932877117851,0.0010298201911638,0.00194666870306032,"UP"
"TNFSF10",-1.28087914699142,-1.77973002594336,-1.53030458646739,0.0731024173352681,0.0854518997723123,7.00866287806006e-06,2.23131233614866e-08,"DOWN"
"NUMB",-0.603560904913318,-2.45635221135753,-1.52995655813542,0.0626099943249334,0.0772719236274205,8.94269375683522e-05,1.27447128167495e-09,"DOWN"
"GAS2",-0.736117744304579,-2.32274581227731,-1.52943177829095,0.0814227981729527,0.127483898452911,0.000124725834253088,6.26274732927035e-08,"DOWN"
"COL6A2",-0.661524799546583,-2.39596075166332,-1.52874277560495,0.1203551915081,0.311543136901971,0.00188058953587949,4.35953605219976e-05,"DOWN"
"CEBPD",-0.896461200014826,-2.15675052987428,-1.52660586494455,0.103120486897063,0.234984421459927,0.000153241607332267,1.10956264272457e-05,"DOWN"
"SHH",-0.924923793969157,-2.11295625656218,-1.51894002526567,0.0675581851263036,0.161905765756566,1.86871658979549e-05,7.41604413741964e-07,"DOWN"
"PDZRN3",0.410519640688987,2.62695267669894,1.51873615869396,0.150998835382359,0.198936011506538,0.0492616557659245,6.75182984221825e-07,"UP"
"CPT1A",-0.82571922402965,-2.21057751708551,-1.51814837055758,0.0997660110632365,0.117059477777627,0.000202335287185693,4.80654041500798e-08,"DOWN"
"GPR183",-0.505197493771705,-2.52671276829699,-1.51595513103435,0.144506404699805,0.649114576720447,0.0180907089179274,0.00493374023467272,"DOWN"
"CFI",-1.10576484003245,-1.92545517844732,-1.51561000923988,0.103984402335185,0.175608918751469,5.53572238424412e-05,2.75681743041268e-06,"DOWN"
"ZMYND11",-0.803916703489915,-2.22658237916467,-1.51524954132729,0.108780404870671,0.0735991152080174,0.00037400880527621,1.69163951078646e-09,"DOWN"
"TBC1D32",-1.03190025674101,-1.99780240884644,-1.51485133279373,0.219658297046199,0.187395178355321,0.00437229722427806,3.4767757768617e-06,"DOWN"
"HSPA12A",0.962377850902795,2.06518486360428,1.51378135725354,0.16491096886308,0.216299265247077,0.00136861338795653,8.11760805676226e-06,"UP"
"MOGAT2",-1.19599495053448,-1.83055232020036,-1.51327363536742,0.220641069941202,0.519207370005917,0.0020297244704977,0.00862919242073885,"DOWN"
"FOXP1",-0.815146049881823,-2.20446921729528,-1.50980763358855,0.0876213505145533,0.174532213093711,0.000106222962351227,9.45134949279189e-07,"DOWN"
"TOB1",-0.765990036687571,-2.25260741621814,-1.50929872645286,0.0628273012576723,0.0730603870243162,2.95418991982785e-05,1.53719597029234e-09,"DOWN"
"TMEM171",0.536930734536454,2.47517382742668,1.50605228098157,0.101399139169957,0.171140783640309,0.00230616181301404,3.37199325233898e-07,"UP"
"LRP2",-1.09677433390035,-1.90926415317357,-1.50301924353696,0.143453057828445,0.365499969354994,0.00030769945832027,0.000752133369836074,"DOWN"
"GYS2",-1.05449065757603,-1.9498208540661,-1.50215575582107,0.149886715336349,0.715866163589297,0.000486998899789779,0.0303042054906489,"DOWN"
"APOH",-0.588314771481034,-2.41387022251189,-1.50109249699646,0.0641951059210071,0.0621915565199358,0.000114469046664908,4.08054707692963e-10,"DOWN"
